--
-- PostgreSQL database dump
--

-- Dumped from database version 15.3
-- Dumped by pg_dump version 15.3

SET statement_timeout = 0;
SET lock_timeout = 0;
SET idle_in_transaction_session_timeout = 0;
SET client_encoding = 'UTF8';
SET standard_conforming_strings = on;
SELECT pg_catalog.set_config('search_path', '', false);
SET check_function_bodies = false;
SET xmloption = content;
SET client_min_messages = warning;
SET row_security = off;

--
-- Data for Name: customer; Type: TABLE DATA; Schema: public; Owner: postgres
--

INSERT INTO public.customer VALUES ('230516a9b9', 'PT. KOMATSU UNDERCARRIAGE INDONESIA', '2023-05-16 03:18:34.311', '2023-05-16 03:18:34.311', ' 01.869.347.3-055.000', '021 8937575', 'JL. JABABEKA XI Blok H No.16 RT:000 RW:000 Kel.HARJA MEKAR Kec.CIKARANG UTARA Kota/Kab.BEKASI JAWA BARAT 17530', 'Bpk Nur Hidayat', true);
INSERT INTO public.customer VALUES ('C230628f36c', 'PT. SANKEI GOHSYU INDUSTRIES', '2023-06-28 06:51:35.451', '2023-06-28 06:51:35.451', '0', '021-8980111', 'MM 2100 INDUSTRIAL TOWN BLOCK J-8 CIKARANG BARAT, BEKASI', '', true);
INSERT INTO public.customer VALUES ('C2307122bfa', 'PT. CITRA GALVALINDO SUKSESMANDIRI', '2023-07-12 02:34:48.765', '2023-07-12 02:35:51.365', '01.605.886.9-415.000', NULL, 'Jl. Raya Pasar Kemis KM7.5 Kp.Kebon Kelapa Rt004/003 No.28, Suka Asih-Pasar Kemis, Kabupaten Tangerang, Banten 15560', NULL, true);
INSERT INTO public.customer VALUES ('C230710403f', 'PT.INDONESIA NIPPON STEEL PIPE', '2023-07-10 09:17:10.206', '2023-07-10 09:17:10.206', NULL, '+62-264-350-702', 'Kawasan Industri Indtaisei Sektor 1 A Block C-1, Kota Bukit Indah, Kalihurip-Cikampek', NULL, true);
INSERT INTO public.customer VALUES ('C2307121fa4', 'PT. GARUDA METAL UTAMA', '2023-07-12 02:37:29.285', '2023-07-12 02:37:29.285', '01.495.236.0-415.000', NULL, 'Jl. Madura 1 Blok.L16-1 Kawasan Industri MM2100 Cikedokan, Cikarang Barat, Kab.Bekasi, JAwa Barat 17530', NULL, true);
INSERT INTO public.customer VALUES ('C2307106176', 'PT. RODA PRIMA LANCAR', '2023-07-10 09:56:45.607', '2023-07-10 09:56:45.607', '01.060.204.3-415.000', NULL, 'Jl. Gatot Subroto KM4 (Komp Industri Kalisabi) Kel.Jatiuwung, Kec.Cibodas, Tangerang, Banten 15134', NULL, true);
INSERT INTO public.customer VALUES ('C230710b698', 'PT. INTERMESINDO FORGING PRIMA', '2023-07-10 09:44:19.496', '2023-07-10 09:57:07.413', '02.746.190.4-415.000', '-', 'Jl. Pajajaran Raya No.3 Rt003 Rw005 Kel.Jatiuwung, Kec.Cibodas, Tangerang, Banten, 15134', '-', true);
INSERT INTO public.customer VALUES ('C2307107b21', 'PT. SIGMA & HEARTS INDONESIA', '2023-07-10 10:00:25.272', '2023-07-10 10:00:25.272', '31.172.915.6-431.000', NULL, 'Kawasan MM2100 Jl.Timor Blok.D No.XX Kel.Jatiwangi, Kec.CIkarang Barat, Kota Bekasi, Jawa Barat, 17520', NULL, true);
INSERT INTO public.customer VALUES ('C230712831f', 'PT. MUSTAM KARYA MANDIRI', '2023-07-12 02:48:38.604', '2023-07-12 02:48:38.604', '70.461.043.5-413.000', NULL, 'Jl. Raya Cibereum No.1B, Kel.Cijengkol, Kec.Setu, Bekasi, Jawa Barat', NULL, true);
INSERT INTO public.customer VALUES ('C230704e6c9', 'PT. KOMATSU KOGYO INDONESIA', '2023-07-04 09:49:34.03', '2023-07-10 10:09:10.191', '02.519.831.8-433.000', '(0267) 8458757', 'Jl Maligi VI lot M-8A Kawasan Industri KIIC, Kel.Margakaya, Kec.Teluk Jambe Barat, Karawang 41361 Jawa Barat Indonesia', 'Ibu Ella', true);
INSERT INTO public.customer VALUES ('C23070342c4', 'PT. KOYAMA INDONESIA', '2023-07-03 03:21:59.284', '2023-07-10 10:10:08.689', '02.165.744.0-431.000', '+62-21 890 2535', 'Jl Maligi VI Lot Q-1a3 Kawasan Industri KIIC', 'Ibu Budi', true);
INSERT INTO public.customer VALUES ('230515e348', 'PT. SEOUL PRECISION METAL', '2023-05-15 04:03:52.375', '2023-07-10 10:11:18.371', '01.869.333.3-055.000', '0218936355', 'Jl. Jababeka VII B Blok K 2P-2Q Kawasan Industri Jababeka I, Cikarang, 17530 Bekasi - Indonesia', 'Ibu Sera', true);
INSERT INTO public.customer VALUES ('C2307073d3d', 'PT. BERKAH UTAMA ALLOY', '2023-07-07 15:55:19.474', '2023-07-10 10:11:44.073', '02.827.446.2-641.000', '031-8913500', 'JL. Raya Sedati No. 38 Desa Wedi, Gedangan, Sidoarjo Jawa Timur , Indonesia', 'Bpk Ibud', true);
INSERT INTO public.customer VALUES ('C230706f34f', 'PT. SAGA HIKARI TEKNINDO SEJATI', '2023-07-06 04:41:27.369', '2023-07-10 10:11:59.405', '01-721.379-4-046-000', '0877 7768 7698', 'Jl Raya Serang Cibarusa Kp Pagaulan RT010 RW002 Ds Sukaresmi Cikarang 17550', 'BP WAHYU', true);
INSERT INTO public.customer VALUES ('C230711592d', 'PT. SPARTA GUNA SENTOSA', '2023-07-11 08:31:03.878', '2023-07-11 08:31:03.878', '02.736.329.0-441.000', NULL, 'Jl. Raya Dayeuh Kolot No.170 Rt.003 Rw.003, Kel.Dayeuh Kolot, Kec.Dayeuh Kolot, Bandung, Jawa Barat 40258', NULL, true);
INSERT INTO public.customer VALUES ('C230711a3e7', 'PT. ENHANCED METAL INDONESIA', '2023-07-11 08:41:24.375', '2023-07-11 08:41:24.375', '01.869.626.0-414.000', NULL, 'Jl. Jababeka VIIG Blok.R-2H Kawasan Industri Jababeka, Cikarang, Jawa Barat ', NULL, true);
INSERT INTO public.customer VALUES ('C230712a2da', 'PT. BOLTZ INDONESIA', '2023-07-12 03:04:07.718', '2023-07-12 04:26:20.777', '31.807.742.7-408.000', '02678458133', 'Jl. Permata Raya Lot.CA-2 Kawasan Industri KIIC, Sukaluyu, Teluk Jambe Timur, Karawang', NULL, true);
INSERT INTO public.customer VALUES ('C230711c5c6', 'PT. FONDANUSA ADITAMA', '2023-07-11 08:47:54.477', '2023-07-11 08:47:54.477', '01.567.125.8-414.000', NULL, 'Jl. Jababeka II Blok.C Kawasan Industri Cikarang No.12C, Cikarang Utara, Bekasi, Jawa Barat', NULL, true);
INSERT INTO public.customer VALUES ('C2307116d80', 'PT. WAM MULTI TEKNIK', '2023-07-11 08:50:00.406', '2023-07-11 08:50:00.406', '96.335.156.4-435.000', '02189520949', 'Inpeksi Kalimalang No.KM22, Lambang Jaya, Kec.Tambun Selatan, Bekasi, Jawa Barat', NULL, true);
INSERT INTO public.customer VALUES ('C2307129aab', 'PT. MAHKOTA BANDUNG TEKNIK', '2023-07-12 02:30:43.85', '2023-07-12 02:30:43.85', '02.162.255.0-433.00', NULL, 'Dusun Rumambe II Rt.004 Rw.002, Anggadita, Klari, Karawang, Jawa Barat', NULL, true);
INSERT INTO public.customer VALUES ('C23071284b9', 'PT. INSPIRASI KREASI SEJAHTERA', '2023-07-12 02:33:08.127', '2023-07-12 02:33:08.127', '31.789.441.8-407.000', NULL, 'Jl. Sultan Agung KM.27 Rt.001 Rw.007, Medan Satria-Medan Satria, Kota Bekasi, Jawa Barat', NULL, true);
INSERT INTO public.customer VALUES ('C230712d807', 'PT. EASTECH NUSANTARA', '2023-07-12 02:50:19.806', '2023-07-12 02:50:19.806', '31.805.353.5-411.000', NULL, 'Taman Tekno BSD City Sektor XI Blok.E-1 No.36, Setu-Setu, Kota Tangerang Selatan, Banten 15314', NULL, true);
INSERT INTO public.customer VALUES ('C2307123978', 'PT. INDUSTRI PAKU ULIR MARABU', '2023-07-12 02:54:32.014', '2023-07-12 02:54:32.014', '01.536.335.1.404.000', NULL, 'Jl. Dreded No.24, Empang Bogor Selatan, Bogor, Jawa Barat', NULL, true);
INSERT INTO public.customer VALUES ('C2307124391', 'PT. GANZU GISMA SEIKO', '2023-07-12 02:56:51.031', '2023-07-12 02:56:51.031', '31.493.282.3-413.000', NULL, 'Jl. Industri Selatan 5 Blok. EE No.31 Kl.Jababeka II, Pasirsari, Cikarang Selatan, Bekasi, Jawa Barat', NULL, true);
INSERT INTO public.customer VALUES ('C2307120f5a', 'PT. TEKNOLOGI PRESISI INDONESIA', '2023-07-12 03:01:03.32', '2023-07-12 03:01:03.32', '86.452.214.9-413.000', NULL, 'Jl. Cisadane 5, Cibatu, Cikarang Selatan, Kab. Bekasi, Jawa Barat 17530', NULL, true);
INSERT INTO public.customer VALUES ('C2307127c79', 'PT. CAHAYA BUKIT PERUNGGU', '2023-07-12 03:10:16.327', '2023-07-12 03:10:16.327', '02.506.911.3-418.000', '02155933653', 'Kp. Belimbing, Blimbing, Belimbing, Kosambi, Kab. Tangerang, Banten 15212', NULL, true);
INSERT INTO public.customer VALUES ('C230712edd4', 'PT. INDOSEIKI SUKSES MANDIRI', '2023-07-12 03:11:47.342', '2023-07-12 03:11:47.342', '02.016.563.5-006.000', NULL, 'Ruko Taman Modern Blo.R2 No.12, Kel. Ujung Menteng, Kec Cakung, Jakarta Timur, DKI Jakarta', NULL, true);
INSERT INTO public.customer VALUES ('C230712be35', 'PT. ARCO TECH INDONESIA', '2023-07-12 03:13:44.727', '2023-07-12 03:13:44.727', '31.283.325.4-413.000', NULL, 'Kawasan Industri Greenland I Kota Deltamas Blok.AF No.27 Rt.007 Rw.004, Kel.Sukamahi, Kec.Cikarang Pusat, Bekasi, Jawa Barat 17000', NULL, true);
INSERT INTO public.customer VALUES ('C23071209ea', 'CV. CAHAYA ABADI', '2023-07-12 03:26:35.643', '2023-07-12 03:26:35.643', '02.727.842.3-433.000', NULL, 'Jl. Raya Pawarengan KM.2 No.24 Rt.04 Rw.09, Dawuan Tengah, Cikampek', NULL, true);
INSERT INTO public.customer VALUES ('C2307128332', 'PT. AIKO TEKINDO SAKTI', '2023-07-12 03:08:08.519', '2023-07-12 04:23:43.075', '02.436.840.9-407.000', '02189841186', 'Jl. HM Joyo Martono No.21 Rt.003 Margahayu Bekasi Timur, Kota Bekasi, Jawa Barat ', NULL, true);
INSERT INTO public.customer VALUES ('C230711b853', 'PT. BANDATAMA DWIJAYAPUTRA', '2023-07-11 08:43:57.381', '2023-07-12 04:25:40.874', '01.646.953.8-432.000', '0218204144', 'Kp. Babakan No.17 Rt.003 Rw.001 Kel.Mustikasari, Kec.Mustikajaya, Bekasi, Jawa Barat 17310', NULL, true);
INSERT INTO public.customer VALUES ('C2307103464', 'PT. EXEDY MANUFACTURING INDONESIA', '2023-07-10 10:05:52.496', '2023-07-12 04:38:16.871', '01.061.542.5-055.000', '+62267864312021', 'Jl. Permata VLOT EE-3 Kawasan Industri KIIC, Kec.Teluk Jambe Timur, Karawang, Jawa Barat', 'Ibu Azizah', true);
INSERT INTO public.customer VALUES ('C230711c697', 'PT. HAMATETSU INDONESIA', '2023-07-11 08:39:50.376', '2023-07-12 04:40:54.503', '02.165.743.2-431.000', '0218901774', 'Kawasan Industri KIIC, Jl. Permata Raya Lot.B-6A, Kel.Sukaluyu, Kec.Telukjambe, Karawang, Jawa Barat 41361', NULL, true);
INSERT INTO public.customer VALUES ('C23062811b6', 'PT. RICAR PRESISI INDUSTRI', '2023-06-28 03:03:38.907', '2023-07-20 08:11:25.17', '70.562.748.7-451.000', '+62021-29514208', 'Kawasan Graha Industrial Estate KAV B1 Kp Peuteuy RT003/Rw.001 Desa Tobat Balaraja Tanggerang Banten', 'Ibu Yani', true);
INSERT INTO public.customer VALUES ('C2307129861', 'PT. TIGA KARUNIA INDONESIA', '2023-07-12 03:29:49.887', '2023-07-12 03:29:49.887', '31.494.023.0-413.000', NULL, 'Kawasan Industri MM2100 Blok.LL4-1, Jatiwangi, Cikarang Barat, Kab. Bekasi, Jawa Barat 17848', NULL, true);
INSERT INTO public.customer VALUES ('2305156df0', 'PT. DHARMA PRECISION PARTS', '2023-05-15 08:41:59.797', '2023-07-12 04:30:17.984', '01.809.577.8-431.000', '08521233433', 'Jl. Inti Raya Blok C3 / 12 Bekasi International Industrial Estate, Lemah Abang Kabupaten Bekasi, West Java, 17550 Indonesia', 'BPK YULI', true);
INSERT INTO public.customer VALUES ('C2307123d44', 'PT. CITRA NUGERAH KARYA', '2023-07-12 04:34:09.402', '2023-07-12 04:34:09.402', '02.198.562.7-431.000', NULL, 'Jl. Jati Raya, Newton Techno Park, Lippo Cikarang, Blok.J3 No.6, Kel. Cibatu, Kec. Cikarang selatan, Bekasi, Jawa Barat 17550', NULL, true);
INSERT INTO public.customer VALUES ('C230712a496', 'PT. DONG IL CASTING', '2023-07-12 04:36:45.074', '2023-07-12 04:36:45.074', '31.565.295.8-433.000', NULL, 'Surya Cipta City Of Industri Jl. Surya Tekno Kav.I-T4, Kel. Kutamekar, Kec.Ciampel, Karawang, Jawa Barat ', NULL, true);
INSERT INTO public.customer VALUES ('C2307108cde', 'PT. FUKOKU TOKAI RUBBER INDONESIA', '2023-07-10 10:03:41.968', '2023-07-12 04:40:11.296', '01.824.416.0-055.000', '0218934914', 'Jl.Industri Selatan 6A Blok.GG6A-F JABABEKA, Kel.Pasir Sari, Kec.Cikarang, Bekasi, Jawa Barat 17520', NULL, true);
INSERT INTO public.customer VALUES ('C2307135201', 'PT. TELSAX GUNA TECHNOLOGI', '2023-07-13 09:23:54.073', '2023-07-13 09:23:54.073', '53.759.870.8-413.00', NULL, 'Perum Telaga Pesona Blok.L01 No.09 Rt.012 Rw.019 Kel.Telagamurni Kec.Cikarang Barat, Bekasi, Jawa Barat', NULL, true);
INSERT INTO public.customer VALUES ('C2307134151', 'PT. YI SHEN INDUSTRIAL', '2023-07-13 09:26:34.186', '2023-07-13 09:26:34.186', '01.824.393.1-055.000', NULL, 'Delta Silicon Industrial Park Blok.L2 No.09-10 Lippo Cikarang, Kel.Sukaresmi, Kec.Cikarang Selatan, Bekasi, Jawa Barat', NULL, true);
INSERT INTO public.customer VALUES ('C23071396be', 'PT. SURYA UTAMA SEJAHTERA', '2023-07-13 09:55:33.676', '2023-07-13 09:55:33.676', '02.312.275.7-433.000', NULL, 'Jl. By Pass Jomin Kp.Krajan Rt.03 Rw.02, Jomin Barat Kota Baru, Karawang 41374', NULL, true);
INSERT INTO public.customer VALUES ('C2307146a0a', 'PT. SUGINDO INTERNATIONAL', '2023-07-14 08:15:01.704', '2023-07-14 08:15:01.704', '02.727.931.4-433.000', NULL, 'Jl. Harapan VIII Lot.LL-16, Kawasan Industri KIIC, Kel.Parungmulya, Kec.Ciampel, Karawang, Jawa Barat', NULL, true);
INSERT INTO public.customer VALUES ('C2307142788', 'PT. YAHATA FASTENER INDONESIA ', '2023-07-14 08:18:09.297', '2023-07-14 08:18:09.297', '31.320.410.9-413.000', NULL, 'Jl. TOL Jakarta-Cikampek KM.37 Blok.AA No.2A, Kota Delta Mas, Kel.Sukamahi, Kec.Cikarang Pusat, Bekasi', NULL, true);
INSERT INTO public.customer VALUES ('C2307148c42', 'PT. SANBA INDUSTRIES INDONESIA', '2023-07-14 08:51:34.77', '2023-07-14 08:51:34.77', '31.601.585.8-414.000', NULL, 'Kawasan Industri Jababeka I Jl.Jababeka IX Blok.E No.18F, Kel.Wangunharja, Kec.Cikarang Utara, Kabupaten Bekasi, Jawa Barat 17530', NULL, true);
INSERT INTO public.customer VALUES ('C23071499d9', 'PT. INDONESIA NIPPON STEEL PIPE', '2023-07-14 08:54:13.704', '2023-07-14 08:54:13.704', '02.519.823.5-055.000', NULL, 'Kawasan Industri Indotaesi Sektor 1A Blok.C-1, Kota Bukit Indah, Kalihurip, Cikampek-Karawang-Jawa Barat 41373', NULL, true);
INSERT INTO public.customer VALUES ('C2307149c48', 'PT. DIAMETRAL INVOLUTE', '2023-07-14 08:55:53.168', '2023-07-14 08:55:53.168', '01.717.902.9-007.000', NULL, 'Jl. Raya Pulo Gadung No.24, Kawasan Industri Pulogadung, Kel.Jatinegara, Kec.Cakung, Jakarta Timur, DKI Jakarta 13920', NULL, true);
INSERT INTO public.customer VALUES ('C230714ddd8', 'PT. KHARISMA LOGAM UTAMA', '2023-07-14 08:57:21.378', '2023-07-14 08:57:21.378', '02.364.108.7-432.000', NULL, 'Jl. Raya Narogong KM.12.5, Kec.Cikiwul, Bekasi, Jawa Barat 17310', NULL, true);
INSERT INTO public.customer VALUES ('C2307141a91', 'PT. DONGWOOST INDONESIA', '2023-07-14 09:01:01.766', '2023-07-14 09:01:01.766', '02.519.851.6-056.000', NULL, 'Ruko Roxy Blok.B No.38 Jl.MH. Thamrin-Lippo Cikarang, Kec.Cikarang Selatan, Bekasi, Jawa Barat 17550', NULL, true);
INSERT INTO public.customer VALUES ('C2307142748', 'PT. H-ONE KOGI PRIMA AUTO TECHNOLOGIES INDONESIA', '2023-07-14 09:04:20.585', '2023-07-14 09:04:20.585', '02.727.915.7-433.000', NULL, 'Jl. Inspeksi Tarum Barat (Depan Peruri) DN Simargalih, Rt.003 Rw.001, Kec.Parungmulya, Kec.Ciampel. Karawang, Jawa Barat 41363', NULL, true);
INSERT INTO public.customer VALUES ('C2307143f9a', 'PT. SATRIA PRATAMA ENGINEERING', '2023-07-14 09:06:20.365', '2023-07-14 09:06:20.365', '21.146.755.0-432.000', NULL, 'Jl. Mandor Demong Kp.Babakan, No.97 Rt.002 Rw.006 Kel.Mustikasari, Kec.Mustikajaya, Bekasi, Jawa Barat', NULL, true);
INSERT INTO public.customer VALUES ('C230714161b', 'PT. PERKASA HEAVYNDO ENGINEERING', '2023-07-14 09:08:19.06', '2023-07-14 09:08:19.06', '01.679.117.0-439.000', NULL, 'Jl. Raya Pabuaran DS Karang Mukti, Kel.Karangmukti, Kec.Cipeundeuy, Subang, Jawa Barat', NULL, true);
INSERT INTO public.customer VALUES ('C230714b5e9', 'CV. KARYA HIDUP SENTOSA', '2023-07-14 09:10:01.964', '2023-07-14 09:10:01.964', '01.132.866.3-541.000', NULL, 'Jl. Magelang No.144, Kec.Karangwaru, Kab.TegalRejo, Jogyakarta', NULL, true);
INSERT INTO public.customer VALUES ('C2307141003', 'PT. KOMANDO TEKNOLOGI INDONESIA ', '2023-07-14 09:13:05.969', '2023-07-14 09:13:05.969', '31.313.442.1-413.000', NULL, 'Jl.Jend Urip Sumoharjo KM.59 Rt.002 Rw.010, Kel.Tanjung Baru, Kec.Cikarang Timur, Bekasi, Jawa Barat 17822', NULL, true);
INSERT INTO public.customer VALUES ('C2307144f67', 'PT. DWI MUSTIKA  JAYA', '2023-07-14 09:16:21.774', '2023-07-14 09:16:21.774', '02.422.933.8-414.000', NULL, 'Jl.Raya Industri Jababeka 139A, Kp.Tegal Gede Rt.002 Rw.006 Kel.Mekarmukti, kec. Cikarang Utara, Bekasi, Jawa Barat 17835', NULL, true);
INSERT INTO public.customer VALUES ('C230714bb11', 'PT. SURYA AGUNG SENTOSA', '2023-07-14 09:18:57.575', '2023-07-14 09:18:57.575', '02.744.069.2-413.000', NULL, 'Jl. Meranti 3 Delta Silicon 1 Blok.L10 No.7 Kel. Cibatu Kec.Cikarang Selatan, Bekasi, Jawa Barat ', NULL, true);
INSERT INTO public.customer VALUES ('C230714d1ea', 'PT. TRI METRIC INDONESIA', '2023-07-14 09:21:37.478', '2023-07-14 09:21:37.478', '80.012.448.9-444.000', NULL, 'Kawasan Industri De Prima Terra Blok.C25B No.Kav3A Rt.001 Rw.001 Tegal Luar, kec.Bojongsoang, Bandung, Jawa Barat ', NULL, true);
INSERT INTO public.customer VALUES ('C230714e17b', 'CV. NARENDRA TEKNIKATAMA', '2023-07-14 09:23:54.005', '2023-07-14 09:23:54.005', '03.320.324.1-414.000', NULL, 'Kp. Jati Cikarang Kota-Cikarang Utara Bekasi, Bekasi, Jawa Barat', NULL, true);
INSERT INTO public.customer VALUES ('C2307148323', 'PT. NUSA TOYOTETSU ENGINEERING', '2023-07-14 09:26:09.478', '2023-07-14 09:26:09.478', '31.525.915.0-433.000', NULL, 'Kawasan Industri Mitrakarawang, Jl.Mitra Raya IV Blok.L-5, Kel.Parungmulya, kec.Ciampel, Karawang, Jawa Barat ', NULL, true);
INSERT INTO public.customer VALUES ('C230714f856', 'PT. PATEC PRESISI ENGINEERING', '2023-07-14 09:27:24.494', '2023-07-14 09:27:24.494', '01.824.435.0-055.000', NULL, 'Jl.Angsana Raya Blok.L3 Kec.Cikarang Utara, Bekasi, Jawa Barat 17530', NULL, true);
INSERT INTO public.customer VALUES ('C2307143464', 'PT. TRILOGAM INDOJAYA', '2023-07-14 09:30:42.001', '2023-07-14 09:30:42.001', '01.566.276.0-431.000', NULL, 'Jl.Jababeka VII G Blok.R1 Kawasan Industri Jababeka, Kec.Cikarang Utara, Bekais, Jawa Barat 17530', NULL, true);
INSERT INTO public.customer VALUES ('C230714cef4', 'PT. SURYA GEMILANG ENGINEERING', '2023-07-14 09:32:11.716', '2023-07-14 09:32:11.716', '02.047.510.9-433.000', NULL, 'Jl.Raya Klari No.421 Dusun Krajan Rt.01/02 Gintung Kerta-Klari, Karawang 41371', NULL, true);
INSERT INTO public.customer VALUES ('C230714c591', 'PT. NITTO ALAM INDONESIA', '2023-07-14 09:33:29.584', '2023-07-14 09:33:29.584', '01.061.532.6-055.000', NULL, 'Jl. Manis II, Kawasan Industri Manis, Kel.Kadu, Tangerang, Banten 15810', NULL, true);
INSERT INTO public.customer VALUES ('C230714cf47', 'PT. FUSOH TUBE PARTS INDONESIA', '2023-07-14 09:35:14.623', '2023-07-14 09:35:14.623', '31.478.648.4-414.000', NULL, 'Kawasan Industri Jababeka 6 Blok.B3 Kel.Jatireja, Kec.Cikarang Timur, Bekasi, Jawa Barat 17530', NULL, true);
INSERT INTO public.customer VALUES ('C2307147af9', 'PT. CHAMPION PRECISION PARTS INDONESIA', '2023-07-14 09:37:00.084', '2023-07-14 09:37:00.084', '31.358.387.4-414.000', NULL, 'Jl. Tekno Raya KWS Jababeka III Blok.D1C, Kel.Pasir Gombong kec.Cikarang Utara, Bekasi, Jawa Barat', NULL, true);
INSERT INTO public.customer VALUES ('C230714760d', 'PT. EJITAMA INTERNUSA PERSADA', '2023-07-14 09:38:30.421', '2023-07-14 09:38:30.421', '82.149.631.2-501.000', NULL, 'Jl.Sunan Kali Jaga No.09 Rt.014 Rw.004, Kel.Kajen, kec.Takang, Tegal, Jawa Tengah', NULL, true);
INSERT INTO public.customer VALUES ('C2307146c52', 'PT. KING STEEL FASTERNER', '2023-07-14 09:40:06.983', '2023-07-14 09:40:06.983', '53.666.398.2-402.000', NULL, 'Jl.Kalisabi No.02 Rt.001 Rw.017, Kel.Uwungjaya, Kec.Cibodas, Tangerang, Banten', NULL, true);
INSERT INTO public.customer VALUES ('C230714d348', 'PT. PARKER METAL TREATMEN INDONESIA', '2023-07-14 09:52:28.273', '2023-07-14 09:52:28.273', '02.193.878.2-058-000', NULL, 'Kawasan Industri mm2100 Blok.KK-11, Rt.001 Rw.001 Kel. Cikarang, Kec.Cikarang, Bekasi, Jawa Barat', NULL, true);
INSERT INTO public.customer VALUES ('C2307209d4b', 'PT. S FACTORY INDONESIA', '2023-07-20 08:09:10.594', '2023-07-20 08:09:10.594', '31.581.237.0-414.000', NULL, 'Jl. Maligi VI, LOT M8A Kawasan KIIC Karawang, Kel.Margakaya, Kec.Telukjambe Barat, Karawang, Jawa Barat', NULL, true);
INSERT INTO public.customer VALUES ('C2307206e6f', 'PT. PRESISI METALINDO EKATAMA', '2023-07-20 08:13:00.573', '2023-07-20 08:13:00.573', '31.315.789.3-432.000', NULL, 'Jl. Raya Mustika Sari No.225 Rt.003 Rw.003 Kel.Mustikasari, Kec.Mustikajaya, Bekasi, Jawa Barat', NULL, true);
INSERT INTO public.customer VALUES ('C2307207e02', 'PT. KURNIA BERDIKARI SEJAHTERA', '2023-07-20 08:14:56.383', '2023-07-20 08:14:56.383', '31.802.412.2-435.000', NULL, 'Kp Karang Tengah No.86 Rt.003 Rw.001 Kel.Pusaka Rakyat, Kec.Tarumajaya, Bekasi, Jawa Barat', NULL, true);
INSERT INTO public.customer VALUES ('C2307209a6d', 'PT. HARAPAN MEGA PRESISI', '2023-07-20 08:18:01.569', '2023-07-20 08:18:01.569', '31.537.131.0-413.000', NULL, 'Jl. Gaharu Blok.F2 No.10 Kel.Cicau, Kec. Cikarang Pusat, Bekasi, Jawa Barat', NULL, true);
INSERT INTO public.customer VALUES ('C230720c870', 'PT. PROSPER MEGA INDUSTRI', '2023-07-20 08:19:39.569', '2023-07-20 08:19:39.569', '96.640.292.7-421.000', NULL, 'Jl. Tipar Barat No.10A Rt.002 Rw.002 Kel.Laksana Mekar, Kec. Padalarang, Jawa Barat', NULL, true);
INSERT INTO public.customer VALUES ('C2307201bea', 'PT. TANAH SUMBER MAKMUR', '2023-07-20 08:23:45.867', '2023-07-20 08:23:45.867', '01.441.405.6-052.000', NULL, 'Jl. Raya Bogor KM52, Ciparigi Bogor Utara, Bogor, Jawa Barat', NULL, true);
INSERT INTO public.customer VALUES ('C230720a5fb', 'PT. CEMERLANG ABADI TEKINDO', '2023-07-20 08:29:50.076', '2023-07-20 08:29:50.076', '70.186.456.3-408.000', NULL, 'Ruko Perum Saung Indah Blok.A1 No.17 Rt.037 Rw.006 Kel.Kondang Jaya, Kec.Karawang Timur, Karawang, Jawa Barat', NULL, true);
INSERT INTO public.customer VALUES ('C230720ddca', 'PT. GIJUTSU IMPRESIF INDONESIA', '2023-07-20 08:31:53.965', '2023-07-20 08:31:53.965', '96.234.021.2-413.000', NULL, 'Jl.Raya Setu Serang, Gg Kober No.42 Rt.001 Rw.002 Kec.Cikarang Selatan, Bekasi, Jawa Barat', NULL, true);
INSERT INTO public.customer VALUES ('C230720daa2', 'PT. EMPOWER INDONESIA RESOURCES', '2023-07-20 08:33:36.306', '2023-07-20 08:33:36.306', '93.978.632.3-508.000', NULL, 'Jl. Mangga V No.24 Rt.007 Rw.004 kel.Lamper Kidul, Semarang Selatan, Semarang, Jawa Tengah', NULL, true);
INSERT INTO public.customer VALUES ('C230720a6e5', 'CV. SS TEKNIK', '2023-07-20 08:35:16.468', '2023-07-20 08:35:16.468', '94.308.985.4-413.000', NULL, 'Kp.Kandang Gereng Rt.001 Rw.004 Kel.Hegarmukti, Kec.Cikarang Pusat, Cikarang, Jawa Barat', NULL, true);
INSERT INTO public.customer VALUES ('C2307201d95', 'PT. CHIYODA KOGYO INDONESIA', '2023-07-20 08:37:16.269', '2023-07-20 08:37:16.269', '01.824.442.6-055.000', NULL, 'Kawasan Industri Jababeka II SFB Blok.JJ No.18, Kec.Cikarang, Bekasi, Jawa Barat 17520', NULL, true);
INSERT INTO public.customer VALUES ('C230720ba0a', 'PT. WELDPART INDONESIA', '2023-07-20 08:38:30.771', '2023-07-20 08:38:52.803', '70.008.067.4-413.000', NULL, 'Jl. Agatis Blok.F9A No.25, Kel.Cicau, Kec.Cikarang Pusat, Bekasi, Jawa Barat 17530', NULL, true);
INSERT INTO public.customer VALUES ('C23072045c5', 'PT. PENDAWA JAYA ABADI', '2023-07-20 08:40:19.383', '2023-07-20 08:40:19.383', '72.227.892.6-414.000', NULL, 'Rusa 1 Cikarang Baru No.30 Kel.Sertajaya, Kec.Cikarang Timur, Bekasi, Jawa Barat', NULL, true);
INSERT INTO public.customer VALUES ('C2307204e60', 'CV. PURNAMA TEKNIK MANDIRI', '2023-07-20 08:41:59.472', '2023-07-20 08:41:59.472', '01.132.866.3-541.000', NULL, 'Mega Regency No.114 Kec.Karangwaru, Kel.Tegalrejo, Jogyakarta', NULL, true);
INSERT INTO public.customer VALUES ('C2307201c55', 'PT. SHIDACHI INDO JAYA', '2023-07-20 08:44:08.979', '2023-07-20 08:44:08.979', '75.308.249.4-414.000', NULL, 'Jababeka IX DP No.2P Kel.Wanguharja, kec.Cikarang Utara, Bekasi, Jawa Barat', NULL, true);
INSERT INTO public.customer VALUES ('C230720548c', 'PT. KATSUYAMA FINETECH INDONESIA', '2023-07-20 08:45:59.985', '2023-07-20 08:45:59.985', '31.646153.2-413.000', NULL, 'Kaw GIIC, Kota Delta Mas Blok.AD No.01 Kel.Nagasari Kec.Serang Baru, bekasi, Jawa Barat', NULL, true);
INSERT INTO public.customer VALUES ('C230720ac13', 'PT. SINAR AGUNG PEMUDA', '2023-07-20 08:48:01.979', '2023-07-20 08:48:01.979', '01.674.442.7-007.000', NULL, 'Jl. Pegangsaan Dua No.97 Kel.Rawa Terate, Kec.Cakung, Jakarta Timur, DKI Jakarta 13920', NULL, true);
INSERT INTO public.customer VALUES ('C2307208492', 'PT. KCF INDONESIA', '2023-07-20 08:54:47.612', '2023-07-20 08:54:47.612', '03.090.077.3-408.000', NULL, 'Kawasan Industri KIIC, Jl.Harapan VII LL-5 Kel.Desa Sinarbaya, Kec.TelukJambe Timur, Karawang, Jawa Barat', NULL, true);
INSERT INTO public.customer VALUES ('C2307201ab8', 'PT. SOLUSI GEAR INDONESIA', '2023-07-20 08:56:38.794', '2023-07-20 08:56:38.794', '66.876.538.1-416.000', NULL, 'Jl.Gatot Subroto KM4.5 No.148 Rt.003 Rw.001, kel.Sangiang Jaya, kec. Periuk, Tangerang, Banten', NULL, true);
INSERT INTO public.customer VALUES ('C2307202237', 'PT. ZENKO SANAGI ABADI', '2023-07-20 08:58:16.684', '2023-07-20 08:58:16.684', '31.231.272.1-413.000', NULL, 'Kp.Papareun Jl. Kalimalang, Kec.Pasir Tanjung, kel.Cikarang Pusat, Bekasi, Jawa Barat 17813', NULL, true);
INSERT INTO public.customer VALUES ('C230720cafe', 'PT. MEITOKU-WADAYAMA INDONESIA', '2023-07-20 09:00:06.311', '2023-07-20 09:00:06.311', '31.481.977.2-433.000', NULL, 'Kaw Ind Mitra Karawang Jl.Mitra Raya II Blok.E4, Kel.Parungmulya, Kec.Ciampel, Karwang, Jawa Barat', NULL, true);
INSERT INTO public.customer VALUES ('C230720a99b', 'PT. AULIA ENGINEERING', '2023-07-20 09:03:08.191', '2023-07-20 09:03:08.191', '3276020909580005', NULL, 'Putri Sriwedari Blok.J No.16 Rt.003/012 Harjamukti, Cimanggis, Depok, Jawa Barat', NULL, true);
INSERT INTO public.customer VALUES ('C23072065e7', 'PT. EFATA MITRA MANDIRI', '2023-07-20 09:05:25.894', '2023-07-20 09:05:37.909', '02.544.661.8-421.000', NULL, 'Jl. Bukit permata Blok.H1 No.70 Rt.007 Rw.022 Kel.Ciampel, Kec.Ngamprah, Bandung Barat, Jawa Barat', NULL, true);
INSERT INTO public.customer VALUES ('C230720282a', 'PT. TRIMITRA ENGINEERING PERKASA', '2023-07-20 09:23:24.969', '2023-07-20 09:23:24.969', '31.190.734.9-435.000', NULL, 'Kawasan Industri Jababeka, Jl.Jababeka XVII Blok.U No.22F, Desa Harja Mekar Cikarang Utara-Bekasi', NULL, true);
INSERT INTO public.customer VALUES ('C230720e62d', 'PT. DAMAI BUMI SILAMPARI', '2023-07-20 09:27:41.806', '2023-07-20 09:27:41.806', '93.271.612.9-414.000', NULL, 'Kawasan Industri Jababeka I, Jl.Jababeka VII Blok.K No.3D Kel.Harjamekar, Kec.Cikarang Utara, Bekasi, Jawa Barat 17830', NULL, true);
INSERT INTO public.customer VALUES ('C23072074ec', 'PT. CAHAYA SENTODA ABADI', '2023-07-20 09:32:29.266', '2023-07-20 09:32:29.266', '02.287.356.6-433.000', NULL, 'Jl. Raya Kosambi Curug KM.5, Dusun Caringin Rt.003/004 Kel.Klari, Kec.Klari, Karawang, Jawa Barat 41371', NULL, true);
INSERT INTO public.customer VALUES ('C230720e7c9', 'PT. KOSEN SEIKOO MAKMUR', '2023-07-20 09:35:21.705', '2023-07-20 09:35:21.705', '02.580.585.4-432.000', NULL, 'Jl. Neman Jaya Kav.8 No.38 Rt.006/018 Kel.Pengasinan, Kec.Rawalumbu, Bekasi, Jawa Barat 17115 ', NULL, true);
INSERT INTO public.customer VALUES ('C2307205a29', 'PT. VIKTORI PROFINDO INDUSTRI', '2023-07-20 09:37:22.475', '2023-07-20 09:37:22.475', '02.422.641.7-431.000', NULL, 'Jl. Kapuk Timur Delta Silicon 3 Blok.F23 No.20F Kel.Cibatu, Kec.Cikarang Selatan, Bekasi, Jawa Barat 17530', NULL, true);
INSERT INTO public.customer VALUES ('C23072068ca', 'PT. ADIKA SEIKI MANDIRI', '2023-07-20 09:43:18.97', '2023-07-20 09:43:18.97', '96.128.552.5-432.000', NULL, 'Jl. Raya Mustikasari Gang Sairan No.84 Rt.003 Rw.004 Kel.Mustikasari, Kec.Mustikajaya, Bekasi, Jawa Barat', NULL, true);
INSERT INTO public.customer VALUES ('C23072070b1', 'PT. SENTRAL TEKNIK WICAKSANA', '2023-07-20 09:47:48.279', '2023-07-20 09:47:48.279', '70.018.246.2-411.000', NULL, 'Perum Pondok Pakulonan, Jl.Manggis Raya Blok.01 No.8  Rt.002/012 Pakualam, Seprong Utara, Kota Tangerang Selatan. Banten 15325', NULL, true);
INSERT INTO public.customer VALUES ('C2307203ae6', 'PT. GIESELBERG INDONESIA', '2023-07-20 09:50:14.119', '2023-07-20 09:50:38.481', '01.724.656.2-035.000', NULL, 'Jl. Raya Perjuangan, Plaza Kebon Jeruk Blok.B No.1-2 Kel.KebonJeruk, Kec.Kebon Jeruk, Jakarta Barat, DKI Jakarta 11530', NULL, true);
INSERT INTO public.customer VALUES ('C230731a9a3', 'PT. RKN FORGE INDONESIA', '2023-07-31 04:30:48.117', '2023-08-02 05:00:17.473', '31.499.200.9-431.000', NULL, 'Kaw. Industri Mitra Karawang, Jl.Mitra Raya III Blok.1-2, Kel.ParungMulya, Kec.Ciampel, Karawang, Jawa Barat, 41361', NULL, true);
INSERT INTO public.customer VALUES ('C230710292f', 'PT. JTEKT COLUMN SYSTEMS INDONESIA', '2023-07-10 10:19:20.394', '2023-08-04 06:02:10.472', '01.511.235.2-441.000', '(0264)351013', 'Kota Bukit Indah Blok.D III No.2, Kel.Dangdeur, Kec.Bungursari, Purwakarta, Jawa Barat 41181', NULL, true);
INSERT INTO public.customer VALUES ('C230829dbf0', 'CV. DWI FAJAR SARANA', '2023-08-29 04:17:32.674', '2023-08-29 04:17:32.674', NULL, '0263-287190', 'JL. RAYA RANCAGOONG KM.2 CILAKU-CIANJUR', NULL, true);


--
-- Data for Name: document_number; Type: TABLE DATA; Schema: public; Owner: postgres
--

INSERT INTO public.document_number VALUES ('23041225043', 'IMI/FORM/PPC/01-04', 'Untuk doc 1', '2023-04-11 20:18:45.048', '2023-05-29 15:24:58.963', '2020-10-2', '00', 'AA', NULL);


--
-- Data for Name: hardness_kategori; Type: TABLE DATA; Schema: public; Owner: postgres
--

INSERT INTO public.hardness_kategori VALUES ('1680342497-d5d4a9d8-abf9-445b-a848-78755116c2b7', 'h_kat', '2023-04-01 09:48:17.111', '2023-04-01 10:35:05.228');
INSERT INTO public.hardness_kategori VALUES ('1680550201-0d7cabec-6066-4499-9647-cb79a460041b', 'kat_h', '2023-04-03 19:30:01.245', '2023-04-03 19:30:01.245');
INSERT INTO public.hardness_kategori VALUES ('2305154d26', 'SURFACE', '2023-05-15 10:59:53.14', '2023-05-15 10:59:53.14');
INSERT INTO public.hardness_kategori VALUES ('2305158842', 'CORE', '2023-05-15 10:59:59.367', '2023-05-15 10:59:59.367');
INSERT INTO public.hardness_kategori VALUES ('230515bd6b', 'CASE DEPTH', '2023-05-15 11:00:07.58', '2023-05-15 11:00:07.58');
INSERT INTO public.hardness_kategori VALUES ('HK230703f438', 'CORE 13 mm Dari CASE DEPT', '2023-07-03 03:04:38.557', '2023-07-03 03:04:38.557');
INSERT INTO public.hardness_kategori VALUES ('HK2307064934', 'CASE DEPTH A', '2023-07-06 04:01:49.386', '2023-07-06 04:01:49.386');
INSERT INTO public.hardness_kategori VALUES ('HK2307063a2d', 'CASE DEPTH B', '2023-07-06 04:01:58.006', '2023-07-06 04:01:58.006');
INSERT INTO public.hardness_kategori VALUES ('HK230712824d', 'UPDATE', '2023-07-12 07:51:16.362', '2023-07-12 07:51:16.362');


--
-- Data for Name: hardness; Type: TABLE DATA; Schema: public; Owner: postgres
--

INSERT INTO public.hardness VALUES ('230515f7f1', '2305154d26', 'MIN 450HV', '2023-05-15 11:01:24.116', '2023-05-15 11:01:24.116', NULL);
INSERT INTO public.hardness VALUES ('230515bca1', '2305158842', '270 ~ 370 HV', '2023-05-15 11:01:43.462', '2023-05-15 11:01:43.462', NULL);
INSERT INTO public.hardness VALUES ('23051526c6', '230515bd6b', 'MIN 420HV - MAX 420HV', '2023-05-15 11:02:10.695', '2023-05-15 11:02:10.695', NULL);
INSERT INTO public.hardness VALUES ('230516fde5', '2305154d26', '269 ~ 311 HB', '2023-05-16 04:55:51.548', '2023-05-16 04:55:51.548', NULL);
INSERT INTO public.hardness VALUES ('H23062838db', '2305154d26', '460 - 600 HV', '2023-06-28 03:05:24.82', '2023-06-28 03:05:24.82', NULL);
INSERT INTO public.hardness VALUES ('H2306288a45', '2305158842', '250 - 380 HV', '2023-06-28 03:05:46.399', '2023-06-28 03:05:46.399', NULL);
INSERT INTO public.hardness VALUES ('H2306288308', '230515bd6b', 'MIN 470HV - MAX 420 HV', '2023-06-28 03:08:31.182', '2023-06-28 03:08:31.182', '0.10mm-0.23mm');
INSERT INTO public.hardness VALUES ('H2306289de9', '2305154d26', '207 - 241 HB', '2023-06-28 06:40:16.272', '2023-06-28 06:40:16.272', NULL);
INSERT INTO public.hardness VALUES ('H2306289e69', '2305158842', '218 - 253 HV', '2023-06-28 06:40:38.837', '2023-06-28 06:40:38.837', NULL);
INSERT INTO public.hardness VALUES ('H230703f557', '2305154d26', '53 - 61 HRC', '2023-07-03 03:05:20.055', '2023-07-03 03:05:20.055', NULL);
INSERT INTO public.hardness VALUES ('H230703c328', '230515bd6b', '1.5 - 5.5 mm', '2023-07-03 03:05:48.86', '2023-07-03 03:05:48.86', NULL);
INSERT INTO public.hardness VALUES ('H230703ddb5', 'HK230703f438', 'MIN 200 HV', '2023-07-03 03:06:13.743', '2023-07-03 03:06:13.743', NULL);
INSERT INTO public.hardness VALUES ('H23070442b9', '2305154d26', '300  - 450 HV', '2023-07-04 09:41:26.914', '2023-07-04 09:41:26.914', NULL);
INSERT INTO public.hardness VALUES ('H2307041e51', '230515bd6b', 'Min. 0.5 mm', '2023-07-04 09:41:50.631', '2023-07-04 09:41:50.631', NULL);
INSERT INTO public.hardness VALUES ('H230704f581', '2305154d26', '60 - 64 HRC', '2023-07-04 10:04:15.161', '2023-07-04 10:04:15.161', NULL);
INSERT INTO public.hardness VALUES ('H230704c808', '2305158842', '30 - 45 HRC', '2023-07-04 10:04:35.577', '2023-07-04 10:04:35.577', NULL);
INSERT INTO public.hardness VALUES ('H2307044c48', '230515bd6b', '0.7 - 1.0 mm', '2023-07-04 10:04:50.475', '2023-07-04 10:04:50.475', NULL);
INSERT INTO public.hardness VALUES ('H2307054045', '2305154d26', '40 - 55 HRC', '2023-07-05 03:58:46.555', '2023-07-05 03:58:46.555', NULL);
INSERT INTO public.hardness VALUES ('H230705aad7', '2305158842', 'Min 85 HRB', '2023-07-05 03:59:13.567', '2023-07-05 03:59:13.567', NULL);
INSERT INTO public.hardness VALUES ('H2307059bac', '230515bd6b', '0.8 - 2.0 mm', '2023-07-05 03:59:37.797', '2023-07-05 03:59:37.797', NULL);
INSERT INTO public.hardness VALUES ('H23070652ea', 'HK2307064934', '2 - 5 mm', '2023-07-06 04:02:15.989', '2023-07-06 04:02:15.989', NULL);
INSERT INTO public.hardness VALUES ('H2307065ec8', 'HK2307063a2d', ' 1 - 3 mm', '2023-07-06 04:02:28.504', '2023-07-06 04:02:28.504', NULL);
INSERT INTO public.hardness VALUES ('H230706e938', '2305154d26', '52 - 60 HRC', '2023-07-06 04:02:42.29', '2023-07-06 04:02:42.29', NULL);
INSERT INTO public.hardness VALUES ('H2307060344', '2305154d26', '330 ~ 490 HB', '2023-07-06 04:08:14.632', '2023-07-06 04:08:14.632', NULL);
INSERT INTO public.hardness VALUES ('H23070741d2', '2305158842', '320 ~ 380 HV', '2023-07-07 10:57:53.811', '2023-07-07 10:58:20.084', NULL);
INSERT INTO public.hardness VALUES ('H230710d0b7', '2305154d26', '290 - 400 HB', '2023-07-10 01:43:38.711', '2023-07-10 01:43:38.711', NULL);
INSERT INTO public.hardness VALUES ('H2307128532', '2305154d26', '30 - 38 HRC', '2023-07-12 06:14:13.69', '2023-07-12 06:14:13.69', NULL);
INSERT INTO public.hardness VALUES ('H2307189343', '2305154d26', '230 ~ 290HB', '2023-07-18 03:29:22.064', '2023-07-18 03:29:22.064', NULL);
INSERT INTO public.hardness VALUES ('H2307189909', '2305158842', '219 ~ 276 HV', '2023-07-18 04:37:44.708', '2023-07-18 04:37:44.708', NULL);
INSERT INTO public.hardness VALUES ('H2307316f5a', '2305154d26', '229 ~ 302 HB', '2023-07-31 03:56:20.268', '2023-07-31 03:56:20.268', NULL);
INSERT INTO public.hardness VALUES ('H230731c490', '2305158842', '220 ~ 260 HV', '2023-07-31 03:57:00.064', '2023-07-31 03:57:00.064', NULL);
INSERT INTO public.hardness VALUES ('H230731b781', '2305154d26', '229 ~ 302 HB', '2023-07-31 04:19:41.192', '2023-07-31 04:19:41.192', NULL);
INSERT INTO public.hardness VALUES ('H2307317e87', '2305158842', '220 ~ 260 HV', '2023-07-31 04:20:04.928', '2023-07-31 04:20:04.928', NULL);
INSERT INTO public.hardness VALUES ('H2308224bd6', '2305154d26', '9 ~ 20 HRC', '2023-08-22 08:50:19.585', '2023-08-22 08:50:19.585', NULL);
INSERT INTO public.hardness VALUES ('H2308221110', '2305154d26', 'Max 93,8 HRB', '2023-08-22 08:55:11.683', '2023-08-22 08:55:11.683', NULL);
INSERT INTO public.hardness VALUES ('H230822efa5', 'HK230712824d', 'UPDATE', '2023-08-22 10:07:50.466', '2023-08-22 10:07:50.466', NULL);
INSERT INTO public.hardness VALUES ('H2308231ce2', '2305154d26', '270 - 350 HB', '2023-08-23 04:25:09.084', '2023-08-23 04:25:09.084', NULL);
INSERT INTO public.hardness VALUES ('H23082896fd', '230515bd6b', '0,5 - 2,0 mm', '2023-08-28 03:39:56.008', '2023-08-28 03:40:52.56', NULL);
INSERT INTO public.hardness VALUES ('H2308280692', '230515bd6b', '0.7 - 2.0 mm', '2023-08-28 03:45:06.301', '2023-08-28 03:45:06.301', NULL);
INSERT INTO public.hardness VALUES ('H23082921b0', '2305158842', '201 - 277 HB', '2023-08-29 04:12:46.185', '2023-08-29 04:12:59.898', NULL);
INSERT INTO public.hardness VALUES ('H2309010954', '2305154d26', '20 ~ 30 HRC', '2023-09-01 07:28:43.68', '2023-09-01 07:28:43.68', NULL);
INSERT INTO public.hardness VALUES ('H2309016e8f', '2305154d26', '229-285 HB', '2023-09-01 08:44:46.816', '2023-09-01 08:44:46.816', NULL);
INSERT INTO public.hardness VALUES ('H2309011070', '2305154d26', '17 ~ 25 HRC', '2023-09-01 09:50:29.52', '2023-09-01 09:50:29.52', NULL);
INSERT INTO public.hardness VALUES ('H230906a1a2', '2305154d26', '810 ~ 850 HV', '2023-09-06 07:48:09.46', '2023-09-06 07:48:09.46', NULL);


--
-- Data for Name: instruksi_kanban; Type: TABLE DATA; Schema: public; Owner: postgres
--

INSERT INTO public.instruksi_kanban VALUES ('230515d133', 'CARBURIZING', '2023-05-15 11:09:22.907', '2023-05-15 11:09:22.907');
INSERT INTO public.instruksi_kanban VALUES ('230516e62c', 'QUENCHING TEMPERING', '2023-05-16 04:46:11.943', '2023-05-16 04:46:11.943');
INSERT INTO public.instruksi_kanban VALUES ('IK2308189c6d', 'NORMALIZING', '2023-08-18 08:08:37.291', '2023-08-18 08:08:37.291');
INSERT INTO public.instruksi_kanban VALUES ('IK230822d271', 'TEMPERING', '2023-08-22 09:09:20.979', '2023-08-22 09:09:20.979');
INSERT INTO public.instruksi_kanban VALUES ('IK2308236b88', 'SHOTBLAST', '2023-08-23 03:50:34.104', '2023-08-23 03:50:34.104');
INSERT INTO public.instruksi_kanban VALUES ('IK230824fb8f', 'ANNEALING', '2023-08-24 09:36:17.887', '2023-08-24 09:36:17.887');
INSERT INTO public.instruksi_kanban VALUES ('IK230825fd03', 'BARREL', '2023-08-25 09:37:26.105', '2023-08-25 09:37:26.105');
INSERT INTO public.instruksi_kanban VALUES ('23051576e4', 'INDUCTION QUENCHING TEMPERING', '2023-05-15 08:44:16.059', '2023-08-28 03:31:10.568');


--
-- Data for Name: kendaraan; Type: TABLE DATA; Schema: public; Owner: postgres
--

INSERT INTO public.kendaraan VALUES ('1680726921-fbdcb20a-8552-4fea-92e2-fcd7c91f96b9', 'Truk', '2023-04-05 13:35:21.493', '2023-04-05 20:35:39.08');
INSERT INTO public.kendaraan VALUES ('1680726944-ff3f0a54-faea-4376-8cbb-01f24c5cb4b3', 'Pickup', '2023-04-05 20:35:44.334', '2023-04-05 20:35:44.334');
INSERT INTO public.kendaraan VALUES ('23051412766', 'Kendaraan', '2023-05-14 16:00:12.767', '2023-05-14 16:00:12.767');
INSERT INTO public.kendaraan VALUES ('230610fe4f', 'Motor', '2023-06-10 05:17:48.728', '2023-06-10 05:17:48.728');


--
-- Data for Name: master_item; Type: TABLE DATA; Schema: public; Owner: postgres
--

INSERT INTO public.master_item VALUES ('MI2306282d84', 'TSB1P 4 X 16 CF', NULL, '2023-06-28 06:23:50.524', '2023-06-28 06:23:50.524', NULL, '{"MK230628d4f3":[{"id_instruksi":"230515d133","hardness":["H23062838db","H2306288a45","H2306288308"],"hardnessKategori":["2305154d26","2305158842","230515bd6b"],"material":["M230628ff9e"],"materialKategori":[""],"parameter":["P230628118e","P230628636c","P230628a54d"],"parameterKategori":["PK2306287e2a","230515a1f6","230516833e"]}]}', '{MK230628d4f3}', NULL);
INSERT INTO public.master_item VALUES ('MI23062820e4', 'TSB1T 4 X 8 MC3', NULL, '2023-06-28 06:25:22.928', '2023-06-28 06:25:22.928', NULL, '{"MK230628d4f3":[{"id_instruksi":"230515d133","hardness":["H23062838db","H2306288a45","H2306288308"],"hardnessKategori":["2305154d26","2305158842","230515bd6b"],"material":["M230628ff9e"],"materialKategori":[""],"parameter":["P230628118e","P230628636c","P230628a54d"],"parameterKategori":["PK2306287e2a","230515a1f6","230516833e"]}]}', '{MK230628d4f3}', NULL);
INSERT INTO public.master_item VALUES ('MI23062812d1', 'TSABT W/S 4 X 10 NIC 4DOT', NULL, '2023-06-28 06:27:00.209', '2023-06-28 06:27:00.209', NULL, '{"MK230628d4f3":[{"id_instruksi":"230515d133","hardness":["H23062838db","H2306288a45","H2306288308"],"hardnessKategori":["2305154d26","2305158842","230515bd6b"],"material":["M230628ff9e"],"materialKategori":[""],"parameter":["P230628118e","P230628636c","P230628a54d"],"parameterKategori":["PK2306287e2a","230515a1f6","230516833e"]}]}', '{MK230628d4f3}', NULL);
INSERT INTO public.master_item VALUES ('MI230703aefa', 'SHAFT DRIVE INTERMEDIATE', '27811-77M02', '2023-07-03 03:16:05.644', '2023-07-03 03:17:03.361', NULL, '{"MK2307030201":[{"id_instruksi":"23051576e4","hardness":["H230703f557","H230703c328","H230703ddb5"],"hardnessKategori":["2305154d26","230515bd6b","HK230703f438"],"material":["M230628eaa2"],"materialKategori":[""],"parameter":["P2307030639","P230703a8b9"],"parameterKategori":["PK2307031ce8","230515a1f6"]}]}', '{MK2307030201}', NULL);
INSERT INTO public.master_item VALUES ('MI230704cbd9', 'TSB1P 4 X 14 CF', NULL, '2023-07-04 01:50:58.894', '2023-07-04 01:50:58.894', NULL, '{"MK230628d4f3":[{"id_instruksi":"230515d133","hardness":["H23062838db","H2306288a45","H2306288308"],"hardnessKategori":["2305154d26","2305158842","230515bd6b"],"material":["M230628ff9e"],"materialKategori":[""],"parameter":["P230628118e","P230628636c","P230628a54d"],"parameterKategori":["PK2306287e2a","230515a1f6","230516833e"]}]}', '{MK230628d4f3}', NULL);
INSERT INTO public.master_item VALUES ('MI230704fd5b', 'COLLAR KEY LOCK', '48846-D63A0', '2023-07-04 09:45:09.284', '2023-07-04 09:45:09.284', NULL, '{"MK2307030201":[{"id_instruksi":"23051576e4","hardness":["H23070442b9","H2307041e51"],"hardnessKategori":["2305154d26","230515bd6b"],"material":["M23070432c0"],"materialKategori":[""],"parameter":["P2307030639","P230704ae5d"],"parameterKategori":["PK2307031ce8","230515a1f6"]}]}', '{MK2307030201}', NULL);
INSERT INTO public.master_item VALUES ('MI230705bb00', 'COLLAR C, CUSH ARM 52464-KYJ-9000', 'OC-316', '2023-07-05 03:36:07.294', '2023-07-05 03:36:07.294', NULL, '{"MK2306286924":[{"id_instruksi":"230515d133","hardness":["H230704f581","H230704c808","H2307044c48"],"hardnessKategori":["2305154d26","2305158842","230515bd6b"],"material":["M230704f17b"],"materialKategori":[""],"parameter":["P230704f319","P230704c56f","P2307049d60"],"parameterKategori":["PK2306287e2a","230515a1f6","230516833e"]}]}', '{MK2306286924}', NULL);
INSERT INTO public.master_item VALUES ('MI230704d0e3', 'COLLAR B, CUSH ARM 52463-KYJ-9000', 'OC-315', '2023-07-04 10:43:48.705', '2023-07-05 03:36:31.204', NULL, '{"MK2306286924":[{"id_instruksi":"230515d133","hardness":["H230704f581","H230704c808","H2307044c48"],"hardnessKategori":["2305154d26","2305158842","230515bd6b"],"material":["M230704f17b"],"materialKategori":[""],"parameter":["P230704f319","P230704c56f","P2307049d60"],"parameterKategori":["PK2306287e2a","230515a1f6","230516833e"]}]}', '{MK2306286924}', NULL);
INSERT INTO public.master_item VALUES ('MI230705bf22', 'COLLAR, CUSH CONN ROD 52472-K15-9000', 'OC-317', '2023-07-05 03:38:18.278', '2023-07-05 03:38:18.278', NULL, '{"MK2306286924":[{"id_instruksi":"230515d133","hardness":["H230704f581","H230704c808","H2307044c48"],"hardnessKategori":["2305154d26","2305158842","230515bd6b"],"material":["M230704f17b"],"materialKategori":[""],"parameter":["P230704f319","P230704c56f","P2307049d60"],"parameterKategori":["PK2306287e2a","230515a1f6","230516833e"]}]}', '{MK2306286924}', NULL);
INSERT INTO public.master_item VALUES ('MI2307058081', 'CENTER COLLAR, PRIVOT DIST   52141-K15A-9011', 'OC-318', '2023-07-05 03:39:42.206', '2023-07-05 03:39:42.206', NULL, '{"MK2306286924":[{"id_instruksi":"230515d133","hardness":["H230704f581","H230704c808","H2307044c48"],"hardnessKategori":["2305154d26","2305158842","230515bd6b"],"material":["M230704f17b"],"materialKategori":[""],"parameter":["P230704f319","P230704c56f","P2307049d60"],"parameterKategori":["PK2306287e2a","230515a1f6","230516833e"]}]}', '{MK2306286924}', NULL);
INSERT INTO public.master_item VALUES ('MI23062801b1', 'HEXPWP-T 5X20', '''07420000', '2023-06-28 02:23:26.764', '2023-07-11 08:17:00.411', NULL, '{"MK230628d4f3":[{"id_instruksi":"230516e62c","hardness":["H23062838db","230515bca1"],"hardnessKategori":["2305154d26","2305158842"],"material":["230515c311"],"materialKategori":[""],"parameter":["P230704baeb","2305162e35","P23070448c8"],"parameterKategori":["23051582a8","230515a1f6","230516833e"]}]}', '{MK230628d4f3}', NULL);
INSERT INTO public.master_item VALUES ('MI2307061a7b', 'SHAFT D65 TR', '14X-30-15320', '2023-07-06 04:03:56.632', '2023-07-06 04:03:56.632', NULL, '{"MK2307030201":[{"id_instruksi":"23051576e4","hardness":["H230706e938","H23070652ea","H2307065ec8"],"hardnessKategori":["2305154d26","HK2307064934","HK2307063a2d"],"material":["M2307069c08"],"materialKategori":[""],"parameter":["P2307030639","P2307063341"],"parameterKategori":["PK2307031ce8","230515a1f6"]}]}', '{MK2307030201}', NULL);
INSERT INTO public.master_item VALUES ('MI23070627f6', 'TSBAT 5 X 12 KF', '', '2023-07-06 04:45:26.488', '2023-07-06 04:45:26.488', NULL, '{"MK230628d4f3":[{"id_instruksi":"230515d133","hardness":["H23070442b9","H2306288308"],"hardnessKategori":["2305154d26","230515bd6b"],"material":["M230628ff9e"],"materialKategori":[""],"parameter":["P230628118e","P230704ae5d","P230628a54d"],"parameterKategori":["PK2306287e2a","230515a1f6","230516833e"]}]}', '{MK230628d4f3}', NULL);
INSERT INTO public.master_item VALUES ('MI230706e9a0', 'TSBAT 5 X 16 CF', NULL, '2023-07-06 04:46:40.468', '2023-07-06 04:46:40.468', NULL, '{"MK230628d4f3":[{"id_instruksi":"230515d133","hardness":["H23070442b9","H2306288308"],"hardnessKategori":["2305154d26","230515bd6b"],"material":["M230628ff9e"],"materialKategori":[""],"parameter":["P230628118e","P230704ae5d","P230628a54d"],"parameterKategori":["PK2306287e2a","230515a1f6","230516833e"]}]}', '{MK230628d4f3}', NULL);
INSERT INTO public.master_item VALUES ('MI230707bfc6', 'ZG 6370 K40X16 TX20-PT10', '7444000', '2023-07-07 11:01:33.471', '2023-07-07 11:01:33.471', NULL, '{"MK230628d4f3":[{"id_instruksi":"230516e62c","hardness":["H23070741d2"],"hardnessKategori":["2305158842"],"material":["M230707e0da"],"materialKategori":[""],"parameter":["P230707ad7d","P230707d839","P230707a80d"],"parameterKategori":["23051582a8","230515a1f6","230516833e"]}]}', '{MK230628d4f3}', NULL);
INSERT INTO public.master_item VALUES ('MI23070704b5', 'ZG 9030 K50X16 ', '07451000', '2023-07-07 11:03:10.37', '2023-07-07 11:03:10.37', NULL, '{"MK230628d4f3":[{"id_instruksi":"230516e62c","hardness":["H23070741d2"],"hardnessKategori":["2305158842"],"material":["M230707e0da"],"materialKategori":[""],"parameter":["P230707ad7d","P230707d839","P230707a80d"],"parameterKategori":["23051582a8","230515a1f6","230516833e"]}]}', '{MK230628d4f3}', NULL);
INSERT INTO public.master_item VALUES ('MI230707492d', 'HEX 6.3X19-R', '''07389000', '2023-07-07 11:07:13.193', '2023-07-07 11:08:26.796', NULL, '{"MK230628d4f3":[{"id_instruksi":"230515d133","hardness":["230515f7f1","230515bca1","H2306288308"],"hardnessKategori":["2305154d26","2305158842","230515bd6b"],"material":["2305152336"],"materialKategori":[""],"parameter":["P2307079201","P2307074a32","P230628a54d"],"parameterKategori":["PK2306287e2a","230515a1f6","230516833e"]}]}', '{MK230628d4f3}', NULL);
INSERT INTO public.master_item VALUES ('MI230713c340', 'TSBAT 5 X 12 CF', NULL, '2023-07-13 01:50:17.44', '2023-07-13 01:50:17.44', NULL, '{"MK230628d4f3":[{"id_instruksi":"230515d133","hardness":["H23070442b9"],"hardnessKategori":["2305154d26"],"material":["M230628ff9e"],"materialKategori":[""],"parameter":["P230628118e"],"parameterKategori":["PK2306287e2a"]}]}', '{MK230628d4f3}', NULL);
INSERT INTO public.master_item VALUES ('MI230707be60', ' DIN 4.8 X 16-C', '''07130000', '2023-07-07 11:12:00.801', '2023-07-07 11:12:40.968', NULL, '{"MK230628d4f3":[{"id_instruksi":"230515d133","hardness":["230515f7f1","230515bca1","23051526c6"],"hardnessKategori":["2305154d26","2305158842","230515bd6b"],"material":["2305152336"],"materialKategori":[""],"parameter":["P23070742d1","P2307074a32","P230628a54d"],"parameterKategori":["PK2306287e2a","230515a1f6","230516833e"]}]}', '{MK230628d4f3}', NULL);
INSERT INTO public.master_item VALUES ('MI230707bd85', 'TORX R 4.8 X 19', '''07138000', '2023-07-07 11:15:48.77', '2023-07-07 11:15:48.77', NULL, '{"MK230628d4f3":[{"id_instruksi":"230515d133","hardness":["230515f7f1","230515bca1","23051526c6"],"hardnessKategori":["2305154d26","2305158842","230515bd6b"],"material":["2305152336"],"materialKategori":[""],"parameter":["P23070742d1","P2307074a32","P230628a54d"],"parameterKategori":["PK2306287e2a","230515a1f6","230516833e"]}]}', '{MK230628d4f3}', NULL);
INSERT INTO public.master_item VALUES ('MI230706bef6', 'TSBAT 5 X 16 KF', NULL, '2023-07-06 04:49:02.675', '2023-07-07 15:24:18.495', NULL, '{"MK230628d4f3":[{"id_instruksi":"230515d133","hardness":["H23070442b9","H2306288308"],"hardnessKategori":["2305154d26","230515bd6b"],"material":["M230628ff9e"],"materialKategori":[""],"parameter":["P230628118e","P230704ae5d","P230628a54d"],"parameterKategori":["PK2306287e2a","230515a1f6","230516833e"]}]}', '{MK230628d4f3}', '');
INSERT INTO public.master_item VALUES ('MI2306300dc5', 'HEXPWP-T 5X17', 'K50X17', '2023-06-30 03:30:38.761', '2023-07-11 08:24:06.597', NULL, '{"MK230628d4f3":[{"id_instruksi":"230516e62c","hardness":["230516fde5","230515bca1"],"hardnessKategori":["2305154d26","2305158842"],"material":["230515c311"],"materialKategori":[""],"parameter":["2305158962","2305162e35","230516da98"],"parameterKategori":["23051582a8","230515a1f6","230516833e"]}]}', '{MK230628d4f3}', NULL);
INSERT INTO public.master_item VALUES ('MI2307135753', 'TSAT 4 X 20 MC3', NULL, '2023-07-13 09:00:28.189', '2023-07-13 09:00:28.189', NULL, '{"MK230628d4f3":[{"id_instruksi":"230515d133","hardness":["H2307124cca"],"hardnessKategori":["HK230712824d"],"material":["M230628ff9e"],"materialKategori":[""],"parameter":["P2307120416"],"parameterKategori":["PK2307121099"]}]}', '{MK230628d4f3}', NULL);
INSERT INTO public.master_item VALUES ('MI2306303deb', 'FLANGE, RR PLANETARY RG', '37562-TBF060', '2023-06-30 06:44:34.717', '2023-07-10 05:04:02.208', NULL, '{"MK230628d4f3":[{"id_instruksi":"230516e62c","hardness":["230516fde5"],"hardnessKategori":["2305154d26"],"material":["M230628eaa2"],"materialKategori":[""],"parameter":["P230628c3ee","P230628d84b","P230628389d"],"parameterKategori":["23051582a8","230515a1f6","230516833e"]}]}', '{MK230628d4f3}', NULL);
INSERT INTO public.master_item VALUES ('MI2307133330', 'TSB1P 4 X 20 CF', NULL, '2023-07-13 08:58:57.789', '2023-07-13 08:58:57.789', NULL, '{"MK230628d4f3":[{"id_instruksi":"230515d133","hardness":["H2307124cca"],"hardnessKategori":["HK230712824d"],"material":["M230628ff9e"],"materialKategori":[""],"parameter":["P2307120416"],"parameterKategori":["PK2307121099"]}]}', '{MK230628d4f3}', NULL);
INSERT INTO public.master_item VALUES ('MI23071301e5', 'TSB1P 4 X 16 CF', NULL, '2023-07-13 08:59:33.088', '2023-07-13 08:59:33.088', NULL, '{"MK230628d4f3":[{"id_instruksi":"230515d133","hardness":["H2307124cca"],"hardnessKategori":["HK230712824d"],"material":["M230628ff9e"],"materialKategori":[""],"parameter":["P2307120416"],"parameterKategori":["PK2307121099"]}]}', '{MK230628d4f3}', NULL);
INSERT INTO public.master_item VALUES ('MI230713f16e', 'STW 5 X 12 MC3 + RATA', NULL, '2023-07-13 09:00:04.99', '2023-07-13 09:00:04.99', NULL, '{"MK230628d4f3":[{"id_instruksi":"230515d133","hardness":["H2307124cca"],"hardnessKategori":["HK230712824d"],"material":["M230628ff9e"],"materialKategori":[""],"parameter":["P2307120416"],"parameterKategori":["PK2307121099"]}]}', '{MK230628d4f3}', NULL);
INSERT INTO public.master_item VALUES ('MI2307130211', 'TSAT 4 X 10 MC3', NULL, '2023-07-13 09:00:52.522', '2023-07-13 09:00:52.522', NULL, '{"MK230628d4f3":[{"id_instruksi":"230515d133","hardness":["H2307124cca"],"hardnessKategori":["HK230712824d"],"material":["M230628ff9e"],"materialKategori":[""],"parameter":["P2307120416"],"parameterKategori":["PK2307121099"]}]}', '{MK230628d4f3}', NULL);
INSERT INTO public.master_item VALUES ('MI230707645e', 'GEAR SPLINE 16T', '16T', '2023-07-07 15:56:53.685', '2023-07-07 15:56:53.685', NULL, '{"MK2307030201":[{"id_instruksi":"23051576e4","hardness":["H230706e938"],"hardnessKategori":["2305154d26"],"material":["M230628eaa2"],"materialKategori":[""],"parameter":["P230707d839"],"parameterKategori":["230515a1f6"]}]}', '{MK2307030201}', NULL);
INSERT INTO public.master_item VALUES ('MI23071344a5', 'TSB1N 3 X 10 NI-C D8T0.6 D0T+GASKET', NULL, '2023-07-13 02:46:28.879', '2023-07-13 02:46:28.879', NULL, '{"MK230628d4f3":[{"id_instruksi":"230515d133","hardness":["H2307124cca"],"hardnessKategori":["HK230712824d"],"material":["M230628ff9e"],"materialKategori":[""],"parameter":["P2307120416"],"parameterKategori":["PK2307121099"]}]}', '{MK230628d4f3}', NULL);
INSERT INTO public.master_item VALUES ('MI2306285f06', 'FLANGE, RR PLANETARY RG', '37562-TBF060', '2023-06-28 06:48:53.649', '2023-07-10 05:05:01.967', NULL, '{"MK230628d4f3":[{"id_instruksi":"230516e62c","hardness":["H2306289de9","H2306289e69"],"hardnessKategori":["2305154d26","2305158842"],"material":["M230628eaa2"],"materialKategori":[""],"parameter":["P230628c3ee","P230628d84b","P230628389d"],"parameterKategori":["23051582a8","230515a1f6","230516833e"]}]}', '{MK230628d4f3}', 'COBA');
INSERT INTO public.master_item VALUES ('MI2307147ef1', 'PH P-T 3 X 12', NULL, '2023-07-14 07:56:02.969', '2023-07-14 07:56:02.969', NULL, '{"MK230628d4f3":[{"id_instruksi":"230515d133","hardness":["H2307124cca"],"hardnessKategori":["HK230712824d"],"material":["M230628ff9e"],"materialKategori":[""],"parameter":["P2307120416"],"parameterKategori":["PK2307121099"]}]}', '{MK230628d4f3}', NULL);
INSERT INTO public.master_item VALUES ('MI2307126665', 'BOSS', '14X-03-13121', '2023-07-12 06:12:20.204', '2023-07-12 06:17:24.378', NULL, '{"MK2306286924":[{"id_instruksi":"230516e62c","hardness":["H2307128532"],"hardnessKategori":["2305154d26"],"material":["M23071267f3"],"materialKategori":[""],"parameter":["P2307123d43","P2307128f4b","P230628389d"],"parameterKategori":["23051582a8","230515a1f6","230516833e"]}]}', '{MK2306286924}', NULL);
INSERT INTO public.master_item VALUES ('MI2307128a38', 'BH TS-2 4 X 8', '-', '2023-07-12 07:37:50.615', '2023-07-12 07:39:25.491', NULL, '{"MK230628d4f3":[{"id_instruksi":"230515d133","hardness":["H23062838db"],"hardnessKategori":["2305154d26"],"material":["M230628ff9e"],"materialKategori":[""],"parameter":["P2307128d8a"],"parameterKategori":["230515a1f6"]}]}', '{MK230628d4f3}', NULL);
INSERT INTO public.master_item VALUES ('MI2307125966', 'PWH ST 3 X 12', NULL, '2023-07-12 07:41:01.291', '2023-07-12 07:41:01.291', NULL, '{"MK230628d4f3":[{"id_instruksi":"230515d133","hardness":["H23070442b9"],"hardnessKategori":["2305154d26"],"material":["M230628ff9e"],"materialKategori":[""],"parameter":["P2307128d8a"],"parameterKategori":["230515a1f6"]}]}', '{MK230628d4f3}', NULL);
INSERT INTO public.master_item VALUES ('MI230712333a', 'PH PT 3 X 8', NULL, '2023-07-12 07:44:24.769', '2023-07-12 07:44:24.769', NULL, '{"MK230628d4f3":[{"id_instruksi":"230515d133","hardness":["H23070442b9"],"hardnessKategori":["2305154d26"],"material":["M230628ff9e"],"materialKategori":[""],"parameter":["P2307128d8a"],"parameterKategori":["230515a1f6"]}]}', '{MK230628d4f3}', NULL);
INSERT INTO public.master_item VALUES ('MI230712ef71', 'BV WH PT 3 X 12', NULL, '2023-07-12 07:47:20.881', '2023-07-12 07:47:20.881', NULL, '{"MK230628d4f3":[{"id_instruksi":"230515d133","hardness":["H23070442b9"],"hardnessKategori":["2305154d26"],"material":["M230628ff9e"],"materialKategori":[""],"parameter":["P2307128d8a"],"parameterKategori":["230515a1f6"]}]}', '{MK230628d4f3}', NULL);
INSERT INTO public.master_item VALUES ('MI230712fd7f', 'TORX R 4.2 X 19', NULL, '2023-07-12 08:16:07.561', '2023-07-12 08:16:07.561', NULL, '{"MK230628d4f3":[{"id_instruksi":"230515d133","hardness":["H2307124cca"],"hardnessKategori":["HK230712824d"],"material":["2305152336"],"materialKategori":[""],"parameter":["P2307120416"],"parameterKategori":["PK2307121099"]}]}', '{MK230628d4f3}', NULL);
INSERT INTO public.master_item VALUES ('MI2307124c05', 'TORX 4 X 16', '7444000', '2023-07-12 08:18:29.567', '2023-07-12 08:18:29.567', NULL, '{"MK230628d4f3":[{"id_instruksi":"230516e62c","hardness":["H2307124cca"],"hardnessKategori":["HK230712824d"],"material":["M230707e0da"],"materialKategori":[""],"parameter":["P2307120416"],"parameterKategori":["PK2307121099"]}]}', '{MK230628d4f3}', NULL);
INSERT INTO public.master_item VALUES ('MI230713e600', '(F) TSB1H 6 X 12 MC3+D16T1', NULL, '2023-07-13 02:43:05.514', '2023-07-13 02:43:05.514', NULL, '{"MK230628d4f3":[{"id_instruksi":"230515d133","hardness":["H23070442b9"],"hardnessKategori":["2305154d26"],"material":["M230628ff9e"],"materialKategori":[""],"parameter":["P2307120416"],"parameterKategori":["PK2307121099"]}]}', '{MK230628d4f3}', NULL);
INSERT INTO public.master_item VALUES ('MI230713f582', 'PTB 3 X 10 MC3', NULL, '2023-07-13 02:43:53.982', '2023-07-13 02:43:53.982', NULL, '{"MK230628d4f3":[{"id_instruksi":"230515d133","hardness":["H2307124cca"],"hardnessKategori":["HK230712824d"],"material":["M230628ff9e"],"materialKategori":[""],"parameter":["P2307120416"],"parameterKategori":["PK2307121099"]}]}', '{MK230628d4f3}', NULL);
INSERT INTO public.master_item VALUES ('MI2307136231', 'PTB SPC 3 X 16 MC3', NULL, '2023-07-13 02:44:42.482', '2023-07-13 02:44:42.482', NULL, '{"MK230628d4f3":[{"id_instruksi":"230515d133","hardness":["H2307124cca"],"hardnessKategori":["HK230712824d"],"material":["M230628ff9e"],"materialKategori":[""],"parameter":["P2307120416"],"parameterKategori":["PK2307121099"]}]}', '{MK230628d4f3}', NULL);
INSERT INTO public.master_item VALUES ('MI23071368d7', 'TSBP 4 X 14 MC3', NULL, '2023-07-13 02:47:07.38', '2023-07-13 02:47:07.38', NULL, '{"MK230628d4f3":[{"id_instruksi":"230515d133","hardness":["H2307124cca"],"hardnessKategori":["HK230712824d"],"material":["M230628ff9e"],"materialKategori":[""],"parameter":["P2307120416"],"parameterKategori":["PK2307121099"]}]}', '{MK230628d4f3}', NULL);
INSERT INTO public.master_item VALUES ('MI2307135e78', '(F) TSB1R 4.2 X M4 X 23 CF D10T0.8', NULL, '2023-07-13 04:09:42.178', '2023-07-13 04:10:10.171', NULL, '{"MK230628d4f3":[{"id_instruksi":"230515d133","hardness":["H2307124cca"],"hardnessKategori":["HK230712824d"],"material":["M230628ff9e"],"materialKategori":[""],"parameter":["P2307120416"],"parameterKategori":["PK2307121099"]}]}', '{MK230628d4f3}', NULL);
INSERT INTO public.master_item VALUES ('MI230713cc56', 'TSB1P 4 X 14 CF', NULL, '2023-07-13 08:56:16.292', '2023-07-13 08:56:16.292', NULL, '{"MK230628d4f3":[{"id_instruksi":"230515d133","hardness":["H2307124cca"],"hardnessKategori":["HK230712824d"],"material":["M230628ff9e"],"materialKategori":[""],"parameter":["P2307120416"],"parameterKategori":["PK2307121099"]}]}', '{MK230628d4f3}', NULL);
INSERT INTO public.master_item VALUES ('MI2307133744', 'TSBP 3 X 8 CF D5.2', NULL, '2023-07-13 08:56:44.087', '2023-07-13 08:56:44.087', NULL, '{"MK230628d4f3":[{"id_instruksi":"230515d133","hardness":["H2307124cca"],"hardnessKategori":["HK230712824d"],"material":["M230628ff9e"],"materialKategori":[""],"parameter":["P2307120416"],"parameterKategori":["PK2307121099"]}]}', '{MK230628d4f3}', NULL);
INSERT INTO public.master_item VALUES ('MI230713efda', 'TSABT W/S 4 X 10 NIC', NULL, '2023-07-13 08:57:11.193', '2023-07-13 08:57:11.193', NULL, '{"MK230628d4f3":[{"id_instruksi":"230515d133","hardness":["H2307124cca"],"hardnessKategori":["HK230712824d"],"material":["M230628ff9e"],"materialKategori":[""],"parameter":["P2307120416"],"parameterKategori":["PK2307121099"]}]}', '{MK230628d4f3}', NULL);
INSERT INTO public.master_item VALUES ('MI23071317ab', 'TSBP 3 X 8 CF D5.2', NULL, '2023-07-13 08:57:43.188', '2023-07-13 08:57:43.188', NULL, '{"MK230628d4f3":[{"id_instruksi":"230515d133","hardness":["H2307124cca"],"hardnessKategori":["HK230712824d"],"material":["M230628ff9e"],"materialKategori":[""],"parameter":["P2307120416"],"parameterKategori":["PK2307121099"]}]}', '{MK230628d4f3}', NULL);
INSERT INTO public.master_item VALUES ('MI23071391c3', 'TSAT 4 X 18 MC3', NULL, '2023-07-13 09:01:36.195', '2023-07-13 09:01:36.195', NULL, '{"MK230628d4f3":[{"id_instruksi":"230515d133","hardness":["H2307124cca"],"hardnessKategori":["HK230712824d"],"material":["M230628ff9e"],"materialKategori":[""],"parameter":["P2307120416"],"parameterKategori":["PK2307121099"]}]}', '{MK230628d4f3}', NULL);
INSERT INTO public.master_item VALUES ('MI230713a0e4', 'TSAT 4 X 12 MC3 UR', NULL, '2023-07-13 09:01:58.592', '2023-07-13 09:01:58.592', NULL, '{"MK230628d4f3":[{"id_instruksi":"230515d133","hardness":["H2307124cca"],"hardnessKategori":["HK230712824d"],"material":["M230628ff9e"],"materialKategori":[""],"parameter":["P2307120416"],"parameterKategori":["PK2307121099"]}]}', '{MK230628d4f3}', NULL);
INSERT INTO public.master_item VALUES ('MI2307146db2', 'FT M/S 3 X 3.5', NULL, '2023-07-14 07:55:25.167', '2023-07-14 07:55:25.167', NULL, '{"MK230628d4f3":[{"id_instruksi":"230515d133","hardness":["H2307124cca"],"hardnessKategori":["HK230712824d"],"material":["M230628ff9e"],"materialKategori":[""],"parameter":["P2307120416"],"parameterKategori":["PK2307121099"]}]}', '{MK230628d4f3}', NULL);
INSERT INTO public.master_item VALUES ('MI2307137dc7', 'TSB1T 4 X 8 MC3', NULL, '2023-07-13 08:58:19.19', '2023-09-04 03:44:05.099', NULL, '{"MK230628d4f3":[{"id_instruksi":"230515d133","hardness":["H23062838db","H2306288308"],"hardnessKategori":["2305154d26","230515bd6b"],"material":["M230628ff9e"],"materialKategori":[""],"parameter":["P230628118e","P230704ae5d","P230628a54d"],"parameterKategori":["PK2306287e2a","230515a1f6","230516833e"]}]}', '{MK230628d4f3}', 'RICAR');
INSERT INTO public.master_item VALUES ('MI2307142784', 'FT M/S 3 X 11', NULL, '2023-07-14 07:56:37.467', '2023-07-14 07:56:37.467', NULL, '{"MK230628d4f3":[{"id_instruksi":"230515d133","hardness":["H2307124cca"],"hardnessKategori":["HK230712824d"],"material":["M230628ff9e"],"materialKategori":[""],"parameter":["P2307120416"],"parameterKategori":["PK2307121099"]}]}', '{MK230628d4f3}', NULL);
INSERT INTO public.master_item VALUES ('MI2307140c70', 'FT PT 3 X 10', NULL, '2023-07-14 07:56:59.586', '2023-07-14 07:56:59.586', NULL, '{"MK230628d4f3":[{"id_instruksi":"230515d133","hardness":["H2307124cca"],"hardnessKategori":["HK230712824d"],"material":["M230628ff9e"],"materialKategori":[""],"parameter":["P2307120416"],"parameterKategori":["PK2307121099"]}]}', '{MK230628d4f3}', NULL);
INSERT INTO public.master_item VALUES ('MI230714abd2', 'BVWH BT 3 X 8', NULL, '2023-07-14 07:57:34.276', '2023-07-14 07:57:34.276', NULL, '{"MK230628d4f3":[{"id_instruksi":"230515d133","hardness":["H2307124cca"],"hardnessKategori":["HK230712824d"],"material":["M230628ff9e"],"materialKategori":[""],"parameter":["P2307120416"],"parameterKategori":["PK2307121099"]}]}', '{MK230628d4f3}', NULL);
INSERT INTO public.master_item VALUES ('MI2307143689', 'FH BT 3 X 10', NULL, '2023-07-14 07:58:02.403', '2023-07-14 07:58:02.403', NULL, '{"MK230628d4f3":[{"id_instruksi":"230515d133","hardness":["H2307124cca"],"hardnessKategori":["HK230712824d"],"material":["M230628ff9e"],"materialKategori":[""],"parameter":["P2307120416"],"parameterKategori":["PK2307121099"]}]}', '{MK230628d4f3}', NULL);
INSERT INTO public.master_item VALUES ('MI230714f53a', 'BV PT 3 X 12', NULL, '2023-07-14 07:58:26.188', '2023-07-14 07:58:26.188', NULL, '{"MK230628d4f3":[{"id_instruksi":"230515d133","hardness":["H2307124cca"],"hardnessKategori":["HK230712824d"],"material":["M230628ff9e"],"materialKategori":[""],"parameter":["P2307120416"],"parameterKategori":["PK2307121099"]}]}', '{MK230628d4f3}', NULL);
INSERT INTO public.master_item VALUES ('MI230714f7d8', '(F) STB 3 X 8 MC3 D8T0.5', NULL, '2023-07-14 09:12:48.273', '2023-07-14 09:12:48.273', NULL, '{"MK230628d4f3":[{"id_instruksi":"230515d133","hardness":["H2307124cca"],"hardnessKategori":["HK230712824d"],"material":["M230628ff9e"],"materialKategori":[""],"parameter":["P2307120416"],"parameterKategori":["PK2307121099"]}]}', '{MK230628d4f3}', NULL);
INSERT INTO public.master_item VALUES ('MI230714ba27', 'PTB 3 X 10 EB', NULL, '2023-07-14 09:13:12.874', '2023-07-14 09:13:12.874', NULL, '{"MK230628d4f3":[{"id_instruksi":"230515d133","hardness":["H2307124cca"],"hardnessKategori":["HK230712824d"],"material":["M230628ff9e"],"materialKategori":[""],"parameter":["P2307120416"],"parameterKategori":["PK2307121099"]}]}', '{MK230628d4f3}', NULL);
INSERT INTO public.master_item VALUES ('MI23071496df', 'PTT 5 X 10 MC3', NULL, '2023-07-14 09:13:42.58', '2023-07-14 09:13:42.58', NULL, '{"MK230628d4f3":[{"id_instruksi":"230515d133","hardness":["H2307124cca"],"hardnessKategori":["HK230712824d"],"material":["M230628ff9e"],"materialKategori":[""],"parameter":["P2307120416"],"parameterKategori":["PK2307121099"]}]}', '{MK230628d4f3}', NULL);
INSERT INTO public.master_item VALUES ('MI2307143c02', 'PTZ 3 X 12 EB D8T1', NULL, '2023-07-14 09:14:12.875', '2023-07-14 09:14:12.875', NULL, '{"MK230628d4f3":[{"id_instruksi":"230515d133","hardness":["H2307124cca"],"hardnessKategori":["HK230712824d"],"material":["M230628ff9e"],"materialKategori":[""],"parameter":["P2307120416"],"parameterKategori":["PK2307121099"]}]}', '{MK230628d4f3}', NULL);
INSERT INTO public.master_item VALUES ('MI2307141e92', 'TSAP 4 X 12 MC3 15 M', NULL, '2023-07-14 09:15:00.401', '2023-07-14 09:15:00.401', NULL, '{"MK230628d4f3":[{"id_instruksi":"230515d133","hardness":["H2307124cca"],"hardnessKategori":["HK230712824d"],"material":["M230628ff9e"],"materialKategori":[""],"parameter":["P2307120416"],"parameterKategori":["PK2307121099"]}]}', '{MK230628d4f3}', NULL);
INSERT INTO public.master_item VALUES ('MI230714c2ea', 'TSAT 4 X 12 MC3', NULL, '2023-07-14 09:15:35.989', '2023-07-14 09:15:35.989', NULL, '{"MK230628d4f3":[{"id_instruksi":"230515d133","hardness":["H2307124cca"],"hardnessKategori":["HK230712824d"],"material":["M230628ff9e"],"materialKategori":[""],"parameter":["P2307120416"],"parameterKategori":["PK2307121099"]}]}', '{MK230628d4f3}', NULL);
INSERT INTO public.master_item VALUES ('MI230714ee18', 'TSBAT 5 X 25 MC3', NULL, '2023-07-14 09:17:15.08', '2023-07-14 09:17:15.08', NULL, '{"MK230628d4f3":[{"id_instruksi":"230515d133","hardness":["H2307124cca"],"hardnessKategori":["HK230712824d"],"material":["M230628ff9e"],"materialKategori":[""],"parameter":["P2307120416"],"parameterKategori":["PK2307121099"]}]}', '{MK230628d4f3}', NULL);
INSERT INTO public.master_item VALUES ('MI2307143cf3', 'TSBF 3.5 X 12 CF D5.4', NULL, '2023-07-14 09:17:48.216', '2023-07-14 09:17:48.216', NULL, '{"MK230628d4f3":[{"id_instruksi":"230515d133","hardness":["H2307124cca"],"hardnessKategori":["HK230712824d"],"material":["M230628ff9e"],"materialKategori":[""],"parameter":["P2307120416"],"parameterKategori":["PK2307121099"]}]}', '{MK230628d4f3}', NULL);
INSERT INTO public.master_item VALUES ('MI2307181682', 'SHAFT SPLINE 16T', NULL, '2023-07-18 03:08:45.82', '2023-07-18 03:08:45.82', NULL, '{"MK2307030201":[{"id_instruksi":"23051576e4","hardness":["H2307124cca"],"hardnessKategori":["HK230712824d"],"material":["M2307185ab4"],"materialKategori":[""],"parameter":["P2307120416"],"parameterKategori":["PK2307121099"]}]}', '{MK2307030201}', NULL);
INSERT INTO public.master_item VALUES ('MI230718b670', 'GEAR KECIL C25B', NULL, '2023-07-18 03:35:51.524', '2023-07-18 03:35:51.524', NULL, '{"MK2306286924":[{"id_instruksi":"230515d133","hardness":["H2307124cca"],"hardnessKategori":["HK230712824d"],"material":["M230704f17b"],"materialKategori":[""],"parameter":["P2307120416"],"parameterKategori":["PK2307121099"]}]}', '{MK2306286924}', NULL);
INSERT INTO public.master_item VALUES ('MI23071827bb', 'HELICAL GEAR 30T', '', '2023-07-18 03:08:08.277', '2023-07-18 03:30:56.615', NULL, '{"MK2307030201":[{"id_instruksi":"23051576e4","hardness":["H2307124cca"],"hardnessKategori":["HK230712824d"],"material":["M2307185ab4"],"materialKategori":[""],"parameter":["P2307120416"],"parameterKategori":["PK2307121099"]}]}', '{MK2307030201}', 'IQT');
INSERT INTO public.master_item VALUES ('MI2307180cf0', 'HELICAL GEAR 30T', NULL, '2023-07-18 03:07:24.075', '2023-07-18 03:31:02.331', NULL, '{"MK2306286924":[{"id_instruksi":"230516e62c","hardness":["H2307124cca"],"hardnessKategori":["HK230712824d"],"material":["M2307185ab4"],"materialKategori":[""],"parameter":["P2307120416"],"parameterKategori":["PK2307121099"]}]}', '{MK2306286924}', 'QT');
INSERT INTO public.master_item VALUES ('MI2307184bd1', 'HELICAL GEAR 35T', NULL, '2023-07-18 03:36:19.028', '2023-07-18 03:36:19.028', NULL, '{"MK2307030201":[{"id_instruksi":"23051576e4","hardness":["H2307124cca"],"hardnessKategori":["HK230712824d"],"material":["M2307185ab4"],"materialKategori":[""],"parameter":["P2307120416"],"parameterKategori":["PK2307121099"]}]}', '{MK2307030201}', NULL);
INSERT INTO public.master_item VALUES ('MI2307206903', 'SHAFT DIFF PINION', 'SUZ-046', '2023-07-20 01:47:22.377', '2023-07-20 01:47:22.377', NULL, '{"MK2307030201":[{"id_instruksi":"23051576e4","hardness":["H2307124cca"],"hardnessKategori":["HK230712824d"],"material":["M230628eaa2"],"materialKategori":[""],"parameter":["P2307120416"],"parameterKategori":["PK2307121099"]}]}', '{MK2307030201}', NULL);
INSERT INTO public.master_item VALUES ('MI23072099f3', 'SHAFT GEAR SHIFT & SELECT', '25571-52S00', '2023-07-20 01:48:59.094', '2023-07-20 01:48:59.094', NULL, '{"MK2307030201":[{"id_instruksi":"23051576e4","hardness":["H2307124cca"],"hardnessKategori":["HK230712824d"],"material":["M230628eaa2"],"materialKategori":[""],"parameter":["P2307120416"],"parameterKategori":["PK2307121099"]}]}', '{MK2307030201}', NULL);
INSERT INTO public.master_item VALUES ('MI230720d9ef', 'FH BT 3 X 8', NULL, '2023-07-20 06:40:51.897', '2023-07-20 06:40:51.897', NULL, '{"MK230628d4f3":[{"id_instruksi":"230515d133","hardness":["H2307124cca"],"hardnessKategori":["HK230712824d"],"material":["M230628ff9e"],"materialKategori":[""],"parameter":["P2307120416"],"parameterKategori":["PK2307121099"]}]}', '{MK230628d4f3}', NULL);
INSERT INTO public.master_item VALUES ('MI230720e132', 'BV PT 3 X 8', NULL, '2023-07-20 06:41:17.289', '2023-07-20 06:41:17.289', NULL, '{"MK230628d4f3":[{"id_instruksi":"230515d133","hardness":["H2307124cca"],"hardnessKategori":["HK230712824d"],"material":["M230628ff9e"],"materialKategori":[""],"parameter":["P2307120416"],"parameterKategori":["PK2307121099"]}]}', '{MK230628d4f3}', NULL);
INSERT INTO public.master_item VALUES ('MI230720fa08', 'TSBAT 5 X 12 KF SOCK', NULL, '2023-07-20 07:59:08.901', '2023-07-20 07:59:08.901', NULL, '{"MK230628d4f3":[{"id_instruksi":"230515d133","hardness":["H2307124cca"],"hardnessKategori":["HK230712824d"],"material":["M230628ff9e"],"materialKategori":[""],"parameter":["P2307120416"],"parameterKategori":["PK2307121099"]}]}', '{MK230628d4f3}', NULL);
INSERT INTO public.master_item VALUES ('MI230720cda0', 'TSB1B 3 X 10 CF', NULL, '2023-07-20 08:04:41.286', '2023-07-20 08:04:41.286', NULL, '{"MK230628d4f3":[{"id_instruksi":"230515d133","hardness":["H2307124cca"],"hardnessKategori":["HK230712824d"],"material":["M230628ff9e"],"materialKategori":[""],"parameter":["P2307120416"],"parameterKategori":["PK2307121099"]}]}', '{MK230628d4f3}', NULL);
INSERT INTO public.master_item VALUES ('MI23072098b0', 'TSB1B 3 X 8 KF', NULL, '2023-07-20 08:05:43.886', '2023-07-20 08:05:43.886', NULL, '{"MK230628d4f3":[{"id_instruksi":"230515d133","hardness":["H2307124cca"],"hardnessKategori":["HK230712824d"],"material":["M230628ff9e"],"materialKategori":[""],"parameter":["P2307120416"],"parameterKategori":["PK2307121099"]}]}', '{MK230628d4f3}', '');
INSERT INTO public.master_item VALUES ('MI230720d733', 'TSB1H 6 X 14 MC3+', NULL, '2023-07-20 08:06:11.684', '2023-07-20 08:06:11.684', NULL, '{"MK230628d4f3":[{"id_instruksi":"230515d133","hardness":["H2307124cca"],"hardnessKategori":["HK230712824d"],"material":["M230628ff9e"],"materialKategori":[""],"parameter":["P2307120416"],"parameterKategori":["PK2307121099"]}]}', '{MK230628d4f3}', NULL);
INSERT INTO public.master_item VALUES ('MI2307203a5d', 'TSB1N 4 X 8 MC3 D10T0.8', NULL, '2023-07-20 08:06:45.884', '2023-07-20 08:06:45.884', NULL, '{"MK230628d4f3":[{"id_instruksi":"230515d133","hardness":["H2307124cca"],"hardnessKategori":["HK230712824d"],"material":["M230628ff9e"],"materialKategori":[""],"parameter":["P2307120416"],"parameterKategori":["PK2307121099"]}]}', '{MK230628d4f3}', NULL);
INSERT INTO public.master_item VALUES ('MI2307206cba', '(W) PTB 3 X 12 MC3 D6T0.5', NULL, '2023-07-20 08:15:47.269', '2023-07-20 08:15:47.269', NULL, '{"MK230628d4f3":[{"id_instruksi":"230515d133","hardness":["H2307124cca"],"hardnessKategori":["HK230712824d"],"material":["M230628ff9e"],"materialKategori":[""],"parameter":["P2307120416"],"parameterKategori":["PK2307121099"]}]}', '{MK230628d4f3}', NULL);
INSERT INTO public.master_item VALUES ('MI23072024a7', 'SDTF W/F 3.8 X 32 MC3 D7.8', NULL, '2023-07-20 08:16:28.411', '2023-07-20 08:16:28.411', NULL, '{"MK230628d4f3":[{"id_instruksi":"230515d133","hardness":["H2307124cca"],"hardnessKategori":["HK230712824d"],"material":["M230628ff9e"],"materialKategori":[""],"parameter":["P2307120416"],"parameterKategori":["PK2307121099"]}]}', '{MK230628d4f3}', NULL);
INSERT INTO public.master_item VALUES ('MI2307207471', 'STT 5 X 10 MC3', NULL, '2023-07-20 08:16:53.776', '2023-07-20 08:16:53.776', NULL, '{"MK230628d4f3":[{"id_instruksi":"230515d133","hardness":["H2307124cca"],"hardnessKategori":["HK230712824d"],"material":["M230628ff9e"],"materialKategori":[""],"parameter":["P2307120416"],"parameterKategori":["PK2307121099"]}]}', '{MK230628d4f3}', NULL);
INSERT INTO public.master_item VALUES ('MI230720d728', 'TSAF 4 X 25 EB', NULL, '2023-07-20 08:17:21.476', '2023-07-20 08:17:21.476', NULL, '{"MK230628d4f3":[{"id_instruksi":"230515d133","hardness":["H2307124cca"],"hardnessKategori":["HK230712824d"],"material":["M230628ff9e"],"materialKategori":[""],"parameter":["P2307120416"],"parameterKategori":["PK2307121099"]}]}', '{MK230628d4f3}', NULL);
INSERT INTO public.master_item VALUES ('MI2307207b14', 'TSAN 5 X 20 CF D12T1', NULL, '2023-07-20 08:17:51.273', '2023-07-20 08:17:51.273', NULL, '{"MK230628d4f3":[{"id_instruksi":"230515d133","hardness":["H2307124cca"],"hardnessKategori":["HK230712824d"],"material":["M230628ff9e"],"materialKategori":[""],"parameter":["P2307120416"],"parameterKategori":["PK2307121099"]}]}', '{MK230628d4f3}', NULL);
INSERT INTO public.master_item VALUES ('MI230720c944', 'TSBAT 5 X 25 CF', NULL, '2023-07-20 08:18:21.668', '2023-07-20 08:18:21.668', NULL, '{"MK230628d4f3":[{"id_instruksi":"230515d133","hardness":["H2307124cca"],"hardnessKategori":["HK230712824d"],"material":["M230628ff9e"],"materialKategori":[""],"parameter":["P2307120416"],"parameterKategori":["PK2307121099"]}]}', '{MK230628d4f3}', NULL);
INSERT INTO public.master_item VALUES ('MI23072063f0', 'TSBP 3 X 10 MC3 16A', NULL, '2023-07-20 08:18:46.373', '2023-07-20 08:18:46.373', NULL, '{"MK230628d4f3":[{"id_instruksi":"230515d133","hardness":["H2307124cca"],"hardnessKategori":["HK230712824d"],"material":["M230628ff9e"],"materialKategori":[""],"parameter":["P2307120416"],"parameterKategori":["PK2307121099"]}]}', '{MK230628d4f3}', NULL);
INSERT INTO public.master_item VALUES ('MI230720f4b1', '(F) PTB 3 X 10 MC3 D8T0.5', NULL, '2023-07-20 08:31:58.167', '2023-07-20 08:31:58.167', NULL, '{"MK230628d4f3":[{"id_instruksi":"230515d133","hardness":["H2307124cca"],"hardnessKategori":["HK230712824d"],"material":["M230628ff9e"],"materialKategori":[""],"parameter":["P2307120416"],"parameterKategori":["PK2307121099"]}]}', '{MK230628d4f3}', NULL);
INSERT INTO public.master_item VALUES ('MI2307206525', '(F) PTB 3 X 8 MC3 D8T0.5', NULL, '2023-07-20 08:32:22.769', '2023-07-20 08:32:22.769', NULL, '{"MK230628d4f3":[{"id_instruksi":"230515d133","hardness":["H2307124cca"],"hardnessKategori":["HK230712824d"],"material":["M230628ff9e"],"materialKategori":[""],"parameter":["P2307120416"],"parameterKategori":["PK2307121099"]}]}', '{MK230628d4f3}', NULL);
INSERT INTO public.master_item VALUES ('MI230720ef70', 'STB 3 X 8 MC3 ROUND', NULL, '2023-07-20 08:32:48.103', '2023-07-20 08:32:48.103', NULL, '{"MK230628d4f3":[{"id_instruksi":"230515d133","hardness":["H2307124cca"],"hardnessKategori":["HK230712824d"],"material":["M230628ff9e"],"materialKategori":[""],"parameter":["P2307120416"],"parameterKategori":["PK2307121099"]}]}', '{MK230628d4f3}', NULL);
INSERT INTO public.master_item VALUES ('MI230720bfe1', 'TSAF 3 X 20 MC3 DT', NULL, '2023-07-20 08:33:16.468', '2023-07-20 08:33:16.468', NULL, '{"MK230628d4f3":[{"id_instruksi":"230515d133","hardness":["H2307124cca"],"hardnessKategori":["HK230712824d"],"material":["M230628ff9e"],"materialKategori":[""],"parameter":["P2307120416"],"parameterKategori":["PK2307121099"]}]}', '{MK230628d4f3}', NULL);
INSERT INTO public.master_item VALUES ('MI230720077a', 'TSAO 3.5 X 16 EB', NULL, '2023-07-20 08:33:50.672', '2023-07-20 08:33:50.672', NULL, '{"MK230628d4f3":[{"id_instruksi":"230515d133","hardness":["H2307124cca"],"hardnessKategori":["HK230712824d"],"material":["M230628ff9e"],"materialKategori":[""],"parameter":["P2307120416"],"parameterKategori":["PK2307121099"]}]}', '{MK230628d4f3}', NULL);
INSERT INTO public.master_item VALUES ('MI230720cdc2', 'TSB1T 4 X 12 MC3', NULL, '2023-07-20 08:34:14.068', '2023-07-20 08:34:14.068', NULL, '{"MK230628d4f3":[{"id_instruksi":"230515d133","hardness":["H2307124cca"],"hardnessKategori":["HK230712824d"],"material":["M230628ff9e"],"materialKategori":[""],"parameter":["P2307120416"],"parameterKategori":["PK2307121099"]}]}', '{MK230628d4f3}', NULL);
INSERT INTO public.master_item VALUES ('MI230727f3a9', 'TORX R 4.2 X 16', NULL, '2023-07-27 07:08:18.36', '2023-07-27 07:08:18.36', NULL, '{"MK230628d4f3":[{"id_instruksi":"230515d133","hardness":["H2307124cca"],"hardnessKategori":["HK230712824d"],"material":["2305152336"],"materialKategori":[""],"parameter":["P2307120416"],"parameterKategori":["PK2307121099"]}]}', '{MK230628d4f3}', NULL);
INSERT INTO public.master_item VALUES ('MI230727c8e1', 'TORX R 4.2 X 25', NULL, '2023-07-27 07:09:08.832', '2023-07-27 07:09:08.832', NULL, '{"MK230628d4f3":[{"id_instruksi":"230515d133","hardness":["H2307124cca"],"hardnessKategori":["HK230712824d"],"material":["2305152336"],"materialKategori":[""],"parameter":["P2307120416"],"parameterKategori":["PK2307121099"]}]}', '{MK230628d4f3}', NULL);
INSERT INTO public.master_item VALUES ('MI23072706a3', 'BV PT 3 X 16', NULL, '2023-07-27 07:48:20.786', '2023-07-27 07:48:20.786', NULL, '{"MK230628d4f3":[{"id_instruksi":"230515d133","hardness":["H2307124cca"],"hardnessKategori":["HK230712824d"],"material":["M230628ff9e"],"materialKategori":[""],"parameter":["P2307120416"],"parameterKategori":["PK2307121099"]}]}', '{MK230628d4f3}', NULL);
INSERT INTO public.master_item VALUES ('MI2307275f72', 'FH BT 3 X 12', NULL, '2023-07-27 07:48:52.48', '2023-07-27 07:48:52.48', NULL, '{"MK230628d4f3":[{"id_instruksi":"230515d133","hardness":["H2307124cca"],"hardnessKategori":["HK230712824d"],"material":["M230628ff9e"],"materialKategori":[""],"parameter":["P2307120416"],"parameterKategori":["PK2307121099"]}]}', '{MK230628d4f3}', NULL);
INSERT INTO public.master_item VALUES ('MI2307286ebc', 'TORX 4 X 16', NULL, '2023-07-28 09:04:17.078', '2023-07-28 09:05:19.239', NULL, '{"MK230628d4f3":[{"id_instruksi":"230516e62c","hardness":["H2307124cca"],"hardnessKategori":["HK230712824d"],"material":["230515c311"],"materialKategori":[""],"parameter":["P2307120416"],"parameterKategori":["PK2307121099"]}]}', '{MK230628d4f3}', NULL);
INSERT INTO public.master_item VALUES ('MI230728bce9', 'PWH BT R 3 X 10', NULL, '2023-07-28 09:05:47.104', '2023-07-28 09:05:47.104', NULL, '{"MK230628d4f3":[{"id_instruksi":"230515d133","hardness":["H2307124cca"],"hardnessKategori":["HK230712824d"],"material":["M230628ff9e"],"materialKategori":[""],"parameter":["P2307120416"],"parameterKategori":["PK2307121099"]}]}', '{MK230628d4f3}', NULL);
INSERT INTO public.master_item VALUES ('MI230728dea1', 'FT ST 3 X 5', NULL, '2023-07-28 09:06:08.355', '2023-07-28 09:06:08.355', NULL, '{"MK230628d4f3":[{"id_instruksi":"230515d133","hardness":["H2307124cca"],"hardnessKategori":["HK230712824d"],"material":["M230628ff9e"],"materialKategori":[""],"parameter":["P2307120416"],"parameterKategori":["PK2307121099"]}]}', '{MK230628d4f3}', NULL);
INSERT INTO public.master_item VALUES ('MI2307289957', 'PH TS-I 3 X 12', NULL, '2023-07-28 09:06:37.04', '2023-07-28 09:06:37.04', NULL, '{"MK230628d4f3":[{"id_instruksi":"230515d133","hardness":["H2307124cca"],"hardnessKategori":["HK230712824d"],"material":["M230628ff9e"],"materialKategori":[""],"parameter":["P2307120416"],"parameterKategori":["PK2307121099"]}]}', '{MK230628d4f3}', NULL);
INSERT INTO public.master_item VALUES ('MI23072812d5', 'FT SERRC-T 3 X 9', NULL, '2023-07-28 09:07:14.308', '2023-07-28 09:07:14.308', NULL, '{"MK230628d4f3":[{"id_instruksi":"230515d133","hardness":["H2307124cca"],"hardnessKategori":["HK230712824d"],"material":["M230628ff9e"],"materialKategori":[""],"parameter":["P2307120416"],"parameterKategori":["PK2307121099"]}]}', '{MK230628d4f3}', NULL);
INSERT INTO public.master_item VALUES ('MI230728beba', 'FH TS-2 2 X 4', NULL, '2023-07-28 09:11:55.095', '2023-07-28 09:11:55.095', NULL, '{"MK230628d4f3":[{"id_instruksi":"230515d133","hardness":["H2307124cca"],"hardnessKategori":["HK230712824d"],"material":["M230628ff9e"],"materialKategori":[""],"parameter":["P2307120416"],"parameterKategori":["PK2307121099"]}]}', '{MK230628d4f3}', NULL);
INSERT INTO public.master_item VALUES ('MI23072856d1', 'BV OTW BT 3 X 8', NULL, '2023-07-28 09:15:00.744', '2023-07-28 09:15:00.744', NULL, '{"MK230628d4f3":[{"id_instruksi":"230515d133","hardness":["H2307124cca"],"hardnessKategori":["HK230712824d"],"material":["M230628ff9e"],"materialKategori":[""],"parameter":["P2307120416"],"parameterKategori":["PK2307121099"]}]}', '{MK230628d4f3}', NULL);
INSERT INTO public.master_item VALUES ('MI2308010bec', '(W) PTB 4 X 30 EB D10T0.8', NULL, '2023-08-01 04:14:20.22', '2023-08-01 04:14:20.22', NULL, '{"MK230628d4f3":[{"id_instruksi":"230515d133","hardness":["H2307124cca"],"hardnessKategori":["HK230712824d"],"material":["M230628ff9e"],"materialKategori":[""],"parameter":["P2307120416"],"parameterKategori":["PK2307121099"]}]}', '{MK230628d4f3}', NULL);
INSERT INTO public.master_item VALUES ('MI2308012fad', 'TSBAT 5 X 12 KF', NULL, '2023-08-01 04:14:43.585', '2023-08-01 04:14:43.585', NULL, '{"MK230628d4f3":[{"id_instruksi":"230515d133","hardness":["H2307124cca"],"hardnessKategori":["HK230712824d"],"material":["M230628ff9e"],"materialKategori":[""],"parameter":["P2307120416"],"parameterKategori":["PK2307121099"]}]}', '{MK230628d4f3}', NULL);
INSERT INTO public.master_item VALUES ('MI23080136c1', 'BV BT 4 X 16', NULL, '2023-08-01 09:22:56.143', '2023-08-01 09:22:56.143', NULL, '{"MK230628d4f3":[{"id_instruksi":"230515d133","hardness":["H2307124cca"],"hardnessKategori":["HK230712824d"],"material":["M230628ff9e"],"materialKategori":[""],"parameter":["P2307120416"],"parameterKategori":["PK2307121099"]}]}', '{MK230628d4f3}', NULL);
INSERT INTO public.master_item VALUES ('MI230731f553', 'MI-035B ', 'YOKE, UNIVERSAL JOINT MI-035B ', '2023-07-31 04:19:07.267', '2023-08-10 02:17:48.988', NULL, '{"230521603b":[{"id_instruksi":"230516e62c","hardness":["H2307189343","H2307189909"],"hardnessKategori":["2305154d26","2305158842"],"material":["M230731dcf2"],"materialKategori":[""],"parameter":["P2307313cd0","P2307317066","P2307310490"],"parameterKategori":["23051582a8","230515a1f6","230516833e"]}]}', '{230521603b}', '5,8 Kg/Pcs atau 69 Pcs/Lot');
INSERT INTO public.master_item VALUES ('MI23073174f0', 'MI-034A', 'YOKE, UNIVERSAL JOINT MI-034A', '2023-07-31 04:15:30.153', '2023-08-10 02:17:57.319', NULL, '{"230521603b":[{"id_instruksi":"230516e62c","hardness":["H2307189343","H2307189909"],"hardnessKategori":["2305154d26","2305158842"],"material":["M230731dcf2"],"materialKategori":[""],"parameter":["P2307313cd0","P2307317066","P2307310490"],"parameterKategori":["23051582a8","230515a1f6","230516833e"]}]}', '{230521603b}', '9,6 Kg/Pcs atau 41 Pcs / Lot');
INSERT INTO public.master_item VALUES ('MI2307311959', 'MI-015A  ', 'YOKE, UNIVERSAL JOINT SHAFT  MI-015A  ', '2023-07-31 03:54:05.306', '2023-08-10 02:18:42.764', NULL, '{"MK2306286924":[{"id_instruksi":"230516e62c","hardness":["H2307189343","H2307189909"],"hardnessKategori":["2305154d26","2305158842"],"material":["M230731dcf2"],"materialKategori":[""],"parameter":["P2307313cd0","P2307317066","P2307310490"],"parameterKategori":["23051582a8","230515a1f6","230516833e"]}],"230521603b":[{"id_instruksi":"230516e62c","hardness":["H2307189343","H2307189909"],"hardnessKategori":["2305154d26","2305158842"],"material":["M230731dcf2"],"materialKategori":[""],"parameter":["P2307313cd0","P2307317066","P2307310490"],"parameterKategori":["23051582a8","230515a1f6","230516833e"]}]}', '{230521603b}', '14.9 Kg/Pcs atau 27 Pcs/Lot');
INSERT INTO public.master_item VALUES ('MI2307318049', 'MI-024A', 'YOKE, UNIVERSAL JOINT SHAFT  MI-024A', '2023-07-31 04:04:59.142', '2023-08-10 02:18:32.447', NULL, '{"230521603b":[{"id_instruksi":"230516e62c","hardness":["H2307189343","H2307189909"],"hardnessKategori":["2305154d26","2305158842"],"material":["M230731dcf2"],"materialKategori":[""],"parameter":["P2307313cd0","P2307317066","P2307310490"],"parameterKategori":["23051582a8","230515a1f6","230516833e"]}]}', '{230521603b}', '10,3 Kg/Pcs atau 39 Pcs/Lot');
INSERT INTO public.master_item VALUES ('MI2308095612', 'BUHSING 30X53', '30X53', '2023-08-09 04:34:42.34', '2023-08-09 04:35:10.066', NULL, '{"MK2306286924":[{"id_instruksi":"230516e62c","hardness":["H2307124cca"],"hardnessKategori":["HK230712824d"],"material":["M230628eaa2"],"materialKategori":[""],"parameter":["P2307120416"],"parameterKategori":["PK2307121099"]}]}', '{MK2306286924}', NULL);
INSERT INTO public.master_item VALUES ('MI23080954b8', 'BUHSING 35X63', '35X63', '2023-08-09 04:35:42.476', '2023-08-09 04:35:42.476', NULL, '{"MK2306286924":[{"id_instruksi":"230516e62c","hardness":["H2307124cca"],"hardnessKategori":["HK230712824d"],"material":["M230628eaa2"],"materialKategori":[""],"parameter":["P2307120416"],"parameterKategori":["PK2307121099"]}]}', '{MK2306286924}', NULL);
INSERT INTO public.master_item VALUES ('MI230809d3e7', 'BUHSING 80X103', '80X103', '2023-08-09 04:36:10.827', '2023-08-09 04:36:10.827', NULL, '{"MK2306286924":[{"id_instruksi":"230516e62c","hardness":["H2307124cca"],"hardnessKategori":["HK230712824d"],"material":["M230628eaa2"],"materialKategori":[""],"parameter":["P2307120416"],"parameterKategori":["PK2307121099"]}]}', '{MK2306286924}', NULL);
INSERT INTO public.master_item VALUES ('MI2308026311', 'BVWH SERR M/S 3 X 5.5', NULL, '2023-08-02 08:35:02.794', '2023-08-02 08:35:02.794', NULL, '{"MK230628d4f3":[{"id_instruksi":"230515d133","hardness":["H2307124cca"],"hardnessKategori":["HK230712824d"],"material":["M230628ff9e"],"materialKategori":[""],"parameter":["P2307120416"],"parameterKategori":["PK2307121099"]}]}', '{MK230628d4f3}', NULL);
INSERT INTO public.master_item VALUES ('MI230802d1e3', 'PH ST 4 X 8', NULL, '2023-08-02 08:38:52.365', '2023-08-02 08:38:52.365', NULL, '{"MK230628d4f3":[{"id_instruksi":"230515d133","hardness":["H2307124cca"],"hardnessKategori":["HK230712824d"],"material":["M230628ff9e"],"materialKategori":[""],"parameter":["P2307120416"],"parameterKategori":["PK2307121099"]}]}', '{MK230628d4f3}', NULL);
INSERT INTO public.master_item VALUES ('MI2308035c10', 'TORX ST F 4.8 X 13', NULL, '2023-08-03 08:11:10.957', '2023-08-03 08:11:10.957', NULL, '{"MK230628d4f3":[{"id_instruksi":"230515d133","hardness":["H2307124cca"],"hardnessKategori":["HK230712824d"],"material":["2305152336"],"materialKategori":[""],"parameter":["P2307120416"],"parameterKategori":["PK2307121099"]}]}', '{MK230628d4f3}', NULL);
INSERT INTO public.master_item VALUES ('MI2308032ced', 'TORX 5X16', NULL, '2023-08-03 08:18:28.688', '2023-08-03 08:18:28.688', NULL, '{"MK230628d4f3":[{"id_instruksi":"230516e62c","hardness":["H2307124cca"],"hardnessKategori":["HK230712824d"],"material":["230515c311"],"materialKategori":[""],"parameter":["P2307120416"],"parameterKategori":["PK2307121099"]}]}', '{MK230628d4f3}', NULL);
INSERT INTO public.master_item VALUES ('MI2308071d6a', 'PH TS-I 3 X 14', NULL, '2023-08-07 09:07:50.293', '2023-08-07 09:07:50.293', NULL, '{"MK230628d4f3":[{"id_instruksi":"230515d133","hardness":["H2307124cca"],"hardnessKategori":["HK230712824d"],"material":["M230628ff9e"],"materialKategori":[""],"parameter":["P2307120416"],"parameterKategori":["PK2307121099"]}]}', '{MK230628d4f3}', NULL);
INSERT INTO public.master_item VALUES ('MI2308073ee2', 'BH PW TS-I 4 X 16', NULL, '2023-08-07 09:08:43.107', '2023-08-07 09:08:43.107', NULL, '{"MK230628d4f3":[{"id_instruksi":"230515d133","hardness":["H2307124cca"],"hardnessKategori":["HK230712824d"],"material":["M230628ff9e"],"materialKategori":[""],"parameter":["P2307120416"],"parameterKategori":["PK2307121099"]}]}', '{MK230628d4f3}', NULL);
INSERT INTO public.master_item VALUES ('MI230808ff11', 'SHAFT DRIVE INTERMEDIATE M10', 'M10', '2023-08-08 07:39:01.307', '2023-08-08 07:39:01.307', NULL, '{"MK2307030201":[{"id_instruksi":"23051576e4","hardness":["H230706e938","H230703c328","H230704c808"],"hardnessKategori":["2305154d26","230515bd6b","2305158842"],"material":["M230628eaa2"],"materialKategori":[""],"parameter":["P2307030639"],"parameterKategori":["PK2307031ce8"]}]}', '{MK2307030201}', NULL);
INSERT INTO public.master_item VALUES ('MI230808a408', 'TRIAL', '08 AGUSTUSA', '2023-08-08 08:36:42.464', '2023-08-08 08:36:42.464', NULL, '{"MK2306286924":[{"id_instruksi":"230516e62c","hardness":["H2307124cca"],"hardnessKategori":["HK230712824d"],"material":["M2308087727"],"materialKategori":[""],"parameter":["P2307120416"],"parameterKategori":["PK2307121099"]},{"id_instruksi":"23051576e4","hardness":["H2307124cca"],"hardnessKategori":["HK230712824d"],"material":["M2308087727"],"materialKategori":[""],"parameter":["P2307120416"],"parameterKategori":["PK2307121099"]}]}', '{MK2306286924}', NULL);
INSERT INTO public.master_item VALUES ('MI230808112b', 'MI-043A', 'YOKE, UNIVERSAL JOINT SLEEVE MI-043A', '2023-08-08 10:13:14.181', '2023-08-10 02:20:14.287', NULL, '{"230521603b":[{"id_instruksi":"230516e62c","hardness":["H2307124cca"],"hardnessKategori":["HK230712824d"],"material":["M230731bdaa"],"materialKategori":[""],"parameter":["P2307120416"],"parameterKategori":["PK2307121099"]}]}', '{230521603b}', '10.64 KG/PCS 37 PCS/LOT');
INSERT INTO public.master_item VALUES ('MI230808b083', 'MI-023A', 'SHAFT PROPELLER SHAFT CTR BEARING MI-023A', '2023-08-08 10:07:38.081', '2023-08-10 02:17:23.22', NULL, '{"230521603b":[{"id_instruksi":"230516e62c","hardness":["H2307124cca"],"hardnessKategori":["HK230712824d"],"material":["M230731bdaa"],"materialKategori":[""],"parameter":["P2307120416"],"parameterKategori":["PK2307121099"]}]}', '{230521603b}', '7.4 KG/PCS 54 PCS/LOT');
INSERT INTO public.master_item VALUES ('MI2308086a68', 'HI-002A', 'HOOK HI-002A', '2023-08-08 10:17:29.676', '2023-08-10 02:15:51.134', NULL, '{"MK2306286924":[{"id_instruksi":"230516e62c","hardness":["H2307124cca"],"hardnessKategori":["HK230712824d"],"material":["M230731bdaa"],"materialKategori":[""],"parameter":["P2307120416"],"parameterKategori":["PK2307121099"]}]}', '{MK2306286924}', '4.855 KG/PCS 120 PCS/LOT');
INSERT INTO public.master_item VALUES ('MI2308080fea', 'YI-023A', 'CONNETING ROD YI-023A', '2023-08-08 10:15:05.885', '2023-08-10 02:16:14.673', NULL, '{"MK230628d4f3":[{"id_instruksi":"230516e62c","hardness":["H2307124cca"],"hardnessKategori":["HK230712824d"],"material":["M230731bdaa"],"materialKategori":[""],"parameter":["P2307120416"],"parameterKategori":["PK2307121099"]}]}', '{MK230628d4f3}', '3.04 KG/PCS 27 PCS/LOT');
INSERT INTO public.master_item VALUES ('MI2308082842', 'YI-020A', 'CONNETING ROD YI-020A', '2023-08-08 10:14:19.671', '2023-08-10 02:16:23.492', NULL, '{"MK230628d4f3":[{"id_instruksi":"230516e62c","hardness":["H2307124cca"],"hardnessKategori":["HK230712824d"],"material":["M230731bdaa"],"materialKategori":[""],"parameter":["P2307120416"],"parameterKategori":["PK2307121099"]}]}', '{MK230628d4f3}', '3.04 KG/PCS 200 PCS/LOT');
INSERT INTO public.master_item VALUES ('MI2308089624', 'SI-001A', 'TIE ROD END 9959291400 SI-001A', '2023-08-08 10:16:41.651', '2023-09-04 10:49:26.258', NULL, '{"MK2306286924":[{"id_instruksi":"230516e62c","hardness":["H2307124cca"],"hardnessKategori":["HK230712824d"],"material":["M230731bdaa"],"materialKategori":[""],"parameter":["P2307120416"],"parameterKategori":["PK2307121099"]}]}', '{MK2306286924}', '4.96 KG/PCS 200 PCS/LOT');
INSERT INTO public.master_item VALUES ('MI230808d59e', 'MI-028A', 'SHAFT PROPELLER SHAFT CTR BEARING MI-028A', '2023-08-08 10:12:06.525', '2023-08-10 02:16:45.969', NULL, '{"230521603b":[{"id_instruksi":"230516e62c","hardness":["H2307124cca"],"hardnessKategori":["HK230712824d"],"material":["M230731bdaa"],"materialKategori":[""],"parameter":["P2307120416"],"parameterKategori":["PK2307121099"]}]}', '{230521603b}', '4.8 KG/PCS 83 PCS/LOT');
INSERT INTO public.master_item VALUES ('MI230808ca83', 'MI-027A', 'SHAFT PROPELLER SHAFT CTR BEARING MI-027A', '2023-08-08 10:11:11.521', '2023-08-10 02:16:54.97', NULL, '{"230521603b":[{"id_instruksi":"230516e62c","hardness":["H2307124cca"],"hardnessKategori":["HK230712824d"],"material":["M230731bdaa"],"materialKategori":[""],"parameter":["P2307120416"],"parameterKategori":["PK2307121099"]}]}', '{230521603b}', '6.5 KG/PCS 61 PCS/LOT');
INSERT INTO public.master_item VALUES ('MI2308084392', 'MI-041A', 'YOKE, UNIVERSAL JOINT SLEEVE MI-041A', '2023-08-08 10:19:26.417', '2023-08-10 02:20:35.198', NULL, '{"MK2306286924":[{"id_instruksi":"230516e62c","hardness":["H2307124cca"],"hardnessKategori":["HK230712824d"],"material":["M230731bdaa"],"materialKategori":[""],"parameter":["P2307120416"],"parameterKategori":["PK2307121099"]}]}', '{MK2306286924}', '10.42 KG/PCS 40 PCS/LOT');
INSERT INTO public.master_item VALUES ('MI2308095ca9', 'BUHSING 80X118', '80X118', '2023-08-09 04:37:22.002', '2023-08-09 04:37:22.002', NULL, '{"MK2306286924":[{"id_instruksi":"230516e62c","hardness":["H2307124cca"],"hardnessKategori":["HK230712824d"],"material":["M230628eaa2"],"materialKategori":[""],"parameter":["P2307120416"],"parameterKategori":["PK2307121099"]}]}', '{MK2306286924}', NULL);
INSERT INTO public.master_item VALUES ('MI2308096eff', 'BUHSING 80X149', '80X149', '2023-08-09 04:37:46.612', '2023-08-09 04:37:46.612', NULL, '{"MK2306286924":[{"id_instruksi":"230516e62c","hardness":["H2307124cca"],"hardnessKategori":["HK230712824d"],"material":["M230628eaa2"],"materialKategori":[""],"parameter":["P2307120416"],"parameterKategori":["PK2307121099"]}]}', '{MK2306286924}', NULL);
INSERT INTO public.master_item VALUES ('MI2308094deb', 'BUHSING 80X68', '80X68', '2023-08-09 04:38:10.982', '2023-08-09 04:38:10.982', NULL, '{"MK2306286924":[{"id_instruksi":"230516e62c","hardness":["H2307124cca"],"hardnessKategori":["HK230712824d"],"material":["M230628eaa2"],"materialKategori":[""],"parameter":["P2307120416"],"parameterKategori":["PK2307121099"]}]}', '{MK2306286924}', NULL);
INSERT INTO public.master_item VALUES ('MI230809b8f2', 'BUHSING 80X74', '80X74', '2023-08-09 04:38:40.148', '2023-08-09 04:38:40.148', NULL, '{"MK2306286924":[{"id_instruksi":"230516e62c","hardness":["H2307124cca"],"hardnessKategori":["HK230712824d"],"material":["M230628eaa2"],"materialKategori":[""],"parameter":["P2307120416"],"parameterKategori":["PK2307121099"]}]}', '{MK2306286924}', NULL);
INSERT INTO public.master_item VALUES ('MI23080970e3', 'BUHSING 80X83', '80X83', '2023-08-09 04:39:08.129', '2023-08-09 04:39:08.129', NULL, '{"MK2306286924":[{"id_instruksi":"230516e62c","hardness":["H2307124cca"],"hardnessKategori":["HK230712824d"],"material":["M230628eaa2"],"materialKategori":[""],"parameter":["P2307120416"],"parameterKategori":["PK2307121099"]}]}', '{MK2306286924}', NULL);
INSERT INTO public.master_item VALUES ('MI2308096def', '01643-327880', 'WASHER 01643-327880', '2023-08-09 04:49:36.708', '2023-08-10 02:01:20.717', NULL, '{"MK230628d4f3":[{"id_instruksi":"230516e62c","hardness":["H2307124cca"],"hardnessKategori":["HK230712824d"],"material":["M230628eaa2"],"materialKategori":[""],"parameter":["P2307120416"],"parameterKategori":["PK2307121099"]}]}', '{MK230628d4f3}', NULL);
INSERT INTO public.master_item VALUES ('MI23080990c7', 'BUSHING 32X53', '32X53', '2023-08-09 04:41:47.429', '2023-08-09 04:41:47.429', NULL, '{"MK2306286924":[{"id_instruksi":"230516e62c","hardness":["H2307124cca"],"hardnessKategori":["HK230712824d"],"material":["M230628eaa2"],"materialKategori":[""],"parameter":["P2307120416"],"parameterKategori":["PK2307121099"]}]}', '{MK2306286924}', NULL);
INSERT INTO public.master_item VALUES ('MI2308091981', 'BUSHING 35X53', '35X53', '2023-08-09 04:42:15.474', '2023-08-09 04:42:15.474', NULL, '{"MK2306286924":[{"id_instruksi":"230516e62c","hardness":["H2307124cca"],"hardnessKategori":["HK230712824d"],"material":["M230628eaa2"],"materialKategori":[""],"parameter":["P2307120416"],"parameterKategori":["PK2307121099"]}]}', '{MK2306286924}', NULL);
INSERT INTO public.master_item VALUES ('MI2308096c61', 'BUSHING 40X63', '40X63', '2023-08-09 04:44:28.114', '2023-08-09 04:44:28.114', NULL, '{"MK2306286924":[{"id_instruksi":"230516e62c","hardness":["H2307124cca"],"hardnessKategori":["HK230712824d"],"material":["M230628eaa2"],"materialKategori":[""],"parameter":["P2307120416"],"parameterKategori":["PK2307121099"]}]}', '{MK2306286924}', NULL);
INSERT INTO public.master_item VALUES ('MI230809c22f', 'BUSHING 42X53', '42X53', '2023-08-09 04:44:54.817', '2023-08-09 04:45:15.252', NULL, '{"MK2306286924":[{"id_instruksi":"230516e62c","hardness":["H2307124cca"],"hardnessKategori":["HK230712824d"],"material":["M230628eaa2"],"materialKategori":[""],"parameter":["P2307120416"],"parameterKategori":["PK2307121099"]}]}', '{MK2306286924}', NULL);
INSERT INTO public.master_item VALUES ('MI230809c11d', 'BUSHING 50X30', '50X30', '2023-08-09 04:45:57.146', '2023-08-09 04:45:57.146', NULL, '{"MK2306286924":[{"id_instruksi":"230516e62c","hardness":["H2307124cca"],"hardnessKategori":["HK230712824d"],"material":["M230628eaa2"],"materialKategori":[""],"parameter":["P2307120416"],"parameterKategori":["PK2307121099"]}]}', '{MK2306286924}', NULL);
INSERT INTO public.master_item VALUES ('MI2308090b4e', 'BUSHING 55X32', '55X32', '2023-08-09 04:46:20.542', '2023-08-09 04:46:20.542', NULL, '{"MK2306286924":[{"id_instruksi":"230516e62c","hardness":["H2307124cca"],"hardnessKategori":["HK230712824d"],"material":["M230628eaa2"],"materialKategori":[""],"parameter":["P2307120416"],"parameterKategori":["PK2307121099"]}]}', '{MK2306286924}', NULL);
INSERT INTO public.master_item VALUES ('MI2308097947', '01643-32780', 'WASHER 01643-32780', '2023-08-09 04:48:34.207', '2023-08-10 02:14:02.019', NULL, '{"MK230628d4f3":[{"id_instruksi":"230516e62c","hardness":["H2307124cca"],"hardnessKategori":["HK230712824d"],"material":["M230628eaa2"],"materialKategori":[""],"parameter":["P2307120416"],"parameterKategori":["PK2307121099"]}]}', '{MK230628d4f3}', NULL);
INSERT INTO public.master_item VALUES ('MI230808e6e3', 'MI-047A', 'PITMAN ARM MI-047A', '2023-08-08 10:20:32.393', '2023-08-10 02:15:08.377', NULL, '{"MK2306286924":[{"id_instruksi":"230516e62c","hardness":["H2307124cca"],"hardnessKategori":["HK230712824d"],"material":["M230731bdaa"],"materialKategori":[""],"parameter":["P2307120416"],"parameterKategori":["PK2307121099"]}]}', '{MK2306286924}', '6.159 KG/PCS 180 PCS/LOT');
INSERT INTO public.master_item VALUES ('MI23080997ac', '17A-54-44130', 'WASHER 17A-54-44130', '2023-08-09 04:51:09.21', '2023-08-10 02:00:42.252', NULL, '{"MK230628d4f3":[{"id_instruksi":"230516e62c","hardness":["H2307124cca"],"hardnessKategori":["HK230712824d"],"material":["M230628eaa2"],"materialKategori":[""],"parameter":["P2307120416"],"parameterKategori":["PK2307121099"]}]}', '{MK230628d4f3}', NULL);
INSERT INTO public.master_item VALUES ('MI230809a048', '01643-33380', 'WASHER 01643-33380', '2023-08-09 04:50:43.863', '2023-08-10 02:00:54.315', NULL, '{"MK230628d4f3":[{"id_instruksi":"230516e62c","hardness":["H2307124cca"],"hardnessKategori":["HK230712824d"],"material":["M230628eaa2"],"materialKategori":[""],"parameter":["P2307120416"],"parameterKategori":["PK2307121099"]}]}', '{MK230628d4f3}', NULL);
INSERT INTO public.master_item VALUES ('MI230809a61f', '01643-33080', 'WASHER 01643-33080', '2023-08-09 04:50:10.11', '2023-08-10 02:01:07.627', NULL, '{"MK230628d4f3":[{"id_instruksi":"230516e62c","hardness":["H2307124cca"],"hardnessKategori":["HK230712824d"],"material":["M230628eaa2"],"materialKategori":[""],"parameter":["P2307120416"],"parameterKategori":["PK2307121099"]}]}', '{MK230628d4f3}', NULL);
INSERT INTO public.master_item VALUES ('MI23080963be', '01643-30623', 'WASHER  20X500', '2023-08-09 04:47:53.257', '2023-08-10 02:14:35.387', NULL, '{"MK230628d4f3":[{"id_instruksi":"230516e62c","hardness":["H2307124cca"],"hardnessKategori":["HK230712824d"],"material":["M230628eaa2"],"materialKategori":[""],"parameter":["P2307120416"],"parameterKategori":["PK2307121099"]}]}', '{MK230628d4f3}', NULL);
INSERT INTO public.master_item VALUES ('MI2307310855', 'MI-036B', 'YOKE, UNIVERSAL JOINT MI-036B', '2023-07-31 04:23:06.821', '2023-08-10 02:17:39.242', NULL, '{"230521603b":[{"id_instruksi":"230516e62c","hardness":["H2307189343"],"hardnessKategori":["2305154d26"],"material":["M230731dcf2"],"materialKategori":[""],"parameter":["P2307313cd0","P2307317066","P2307310490"],"parameterKategori":["23051582a8","230515a1f6","230516833e"]}]}', '{230521603b}', '5,2 Kg/Pcs atau 77 Pcs/Lot');
INSERT INTO public.master_item VALUES ('MI230808922d', 'MI-042A', 'YOKE, UNIVERSAL JOINT SLEEVE MI-042A', '2023-08-08 10:18:39.385', '2023-08-10 02:20:49.685', NULL, '{"MK230628d4f3":[{"id_instruksi":"230516e62c","hardness":["H2307124cca"],"hardnessKategori":["HK230712824d"],"material":["M230731bdaa"],"materialKategori":[""],"parameter":["P2307120416"],"parameterKategori":["PK2307121099"]}]}', '{MK2306286924}', '12.09 KG/PCS 80 PCS/LOT');
INSERT INTO public.master_item VALUES ('MI2308105d5b', '235-27-11310 IQT', 'PIN ', '2023-08-10 02:38:11.259', '2023-08-10 02:38:11.259', NULL, '{"MK2307030201":[{"id_instruksi":"23051576e4","hardness":["H2307124cca"],"hardnessKategori":["HK230712824d"],"material":["M230628eaa2"],"materialKategori":[""],"parameter":["P2307120416"],"parameterKategori":["PK2307121099"]}]}', '{MK2307030201}', NULL);
INSERT INTO public.master_item VALUES ('MI2307310761', 'MI-018A ', 'YOKE, UNIVERSAL JOINT SHAFT  MI-018A ', '2023-07-31 04:00:57.673', '2023-08-10 02:18:07.032', NULL, '{"MK2306286924":[{"id_instruksi":"230516e62c","hardness":["H2307189343","H2307189909"],"hardnessKategori":["2305154d26","2305158842"],"material":["M230731dcf2"],"materialKategori":[""],"parameter":["P2307313cd0","P2307317066","P2307310490"],"parameterKategori":["23051582a8","230515a1f6","230516833e"]}],"230521603b":[{"id_instruksi":"230516e62c","hardness":["H2307189343","H2307189909"],"hardnessKategori":["2305154d26","2305158842"],"material":["M230731dcf2"],"materialKategori":[""],"parameter":["P2307313cd0","P2307317066","P2307310490"],"parameterKategori":["23051582a8","230515a1f6","230516833e"]}]}', '{230521603b}', '12,2 kg /Pcs atau 33 Pcs / Lot');
INSERT INTO public.master_item VALUES ('MI230810c190', '561-40-61531 IQT', 'PIN ', '2023-08-10 02:23:59.97', '2023-08-10 02:23:59.97', NULL, '{"MK2307030201":[{"id_instruksi":"23051576e4","hardness":["H2307124cca"],"hardnessKategori":["HK230712824d"],"material":["M2308087727"],"materialKategori":[""],"parameter":["P2307120416"],"parameterKategori":["PK2307121099"]}]}', '{MK2307030201}', NULL);
INSERT INTO public.master_item VALUES ('MI23081061a9', '561-40-61531 QT', 'PIN ', '2023-08-10 02:24:40.09', '2023-08-10 02:24:40.09', NULL, '{"MK2306286924":[{"id_instruksi":"230516e62c","hardness":["H2307124cca"],"hardnessKategori":["HK230712824d"],"material":["M2308087727"],"materialKategori":[""],"parameter":["P2307120416"],"parameterKategori":["PK2307121099"]}]}', '{MK2306286924}', NULL);
INSERT INTO public.master_item VALUES ('MI2308103cf3', '561-40-61550 IQT', 'PIN ', '2023-08-10 02:25:23.882', '2023-08-10 02:25:23.882', NULL, '{"MK2307030201":[{"id_instruksi":"23051576e4","hardness":["H2307124cca"],"hardnessKategori":["HK230712824d"],"material":["M2308087727"],"materialKategori":[""],"parameter":["P2307120416"],"parameterKategori":["PK2307121099"]}]}', '{MK2307030201}', NULL);
INSERT INTO public.master_item VALUES ('MI230810d96c', '561-40-61550 QT', 'PIN ', '2023-08-10 02:25:54.309', '2023-08-10 02:25:54.309', NULL, '{"MK2306286924":[{"id_instruksi":"230516e62c","hardness":["H2307124cca"],"hardnessKategori":["HK230712824d"],"material":["M2308087727"],"materialKategori":[""],"parameter":["P2307120416"],"parameterKategori":["PK2307121099"]}]}', '{MK2306286924}', NULL);
INSERT INTO public.master_item VALUES ('MI2308102dd5', '561-40-61570 IQT', 'PIN ', '2023-08-10 02:27:05.179', '2023-08-10 02:27:05.179', NULL, '{"MK2307030201":[{"id_instruksi":"23051576e4","hardness":["H2307124cca"],"hardnessKategori":["HK230712824d"],"material":["M2308087727"],"materialKategori":[""],"parameter":["P2307120416"],"parameterKategori":["PK2307121099"]}]}', '{MK2307030201}', NULL);
INSERT INTO public.master_item VALUES ('MI2308107a2e', '561-40-61570 QT', 'PIN ', '2023-08-10 02:27:38.263', '2023-08-10 02:28:00.933', NULL, '{"MK2307030201":[{"id_instruksi":"23051576e4","hardness":["H2307124cca"],"hardnessKategori":["HK230712824d"],"material":["M2308087727"],"materialKategori":[""],"parameter":["P2307120416"],"parameterKategori":["PK2307121099"]}],"MK2306286924":[{"id_instruksi":"230516e62c","hardness":["H2307124cca"],"hardnessKategori":["HK230712824d"],"material":["M2308087727"],"materialKategori":[""],"parameter":["P2307120416"],"parameterKategori":["PK2307121099"]}]}', '{MK2306286924}', NULL);
INSERT INTO public.master_item VALUES ('MI2308104780', '561-40-81540', 'PIN ', '2023-08-10 02:29:09.284', '2023-08-10 02:29:09.284', NULL, '{"MK2306286924":[{"id_instruksi":"230516e62c","hardness":["H2307124cca"],"hardnessKategori":["HK230712824d"],"material":["M230628eaa2"],"materialKategori":[""],"parameter":["P2307120416"],"parameterKategori":["PK2307121099"]}]}', '{MK2306286924}', NULL);
INSERT INTO public.master_item VALUES ('MI230810a16d', '561-52-61211 IQT', 'PIN ', '2023-08-10 02:29:49.635', '2023-08-10 02:29:49.635', NULL, '{"MK2307030201":[{"id_instruksi":"23051576e4","hardness":["H2307124cca"],"hardnessKategori":["HK230712824d"],"material":["M2308087727"],"materialKategori":[""],"parameter":["P2307120416"],"parameterKategori":["PK2307121099"]}]}', '{MK2307030201}', NULL);
INSERT INTO public.master_item VALUES ('MI2308105a67', '561-52-61211 QT', 'PIN ', '2023-08-10 02:30:17.815', '2023-08-10 02:30:17.815', NULL, '{"MK2306286924":[{"id_instruksi":"230516e62c","hardness":["H2307124cca"],"hardnessKategori":["HK230712824d"],"material":["M2308087727"],"materialKategori":[""],"parameter":["P2307120416"],"parameterKategori":["PK2307121099"]}]}', '{MK2306286924}', NULL);
INSERT INTO public.master_item VALUES ('MI23081061ba', '561-52-81211', 'PIN ', '2023-08-10 02:31:22.641', '2023-08-10 02:31:22.641', NULL, '{"MK2306286924":[{"id_instruksi":"230516e62c","hardness":["H2307124cca"],"hardnessKategori":["HK230712824d"],"material":["M2308087727"],"materialKategori":[""],"parameter":["P2307120416"],"parameterKategori":["PK2307121099"]}]}', '{MK2306286924}', NULL);
INSERT INTO public.master_item VALUES ('MI2308108760', '569-74-61670', 'PIN ', '2023-08-10 02:31:59.644', '2023-08-10 02:31:59.644', NULL, '{"MK2306286924":[{"id_instruksi":"230516e62c","hardness":["H2307124cca"],"hardnessKategori":["HK230712824d"],"material":["M230628eaa2"],"materialKategori":[""],"parameter":["P2307120416"],"parameterKategori":["PK2307121099"]}]}', '{MK2306286924}', NULL);
INSERT INTO public.master_item VALUES ('MI230810351f', '56B-50-11211 IQT', 'PIN ', '2023-08-10 02:32:36.829', '2023-08-10 02:32:36.829', NULL, '{"MK2307030201":[{"id_instruksi":"23051576e4","hardness":["H2307124cca"],"hardnessKategori":["HK230712824d"],"material":["M230628eaa2"],"materialKategori":[""],"parameter":["P2307120416"],"parameterKategori":["PK2307121099"]}]}', '{MK2307030201}', NULL);
INSERT INTO public.master_item VALUES ('MI2308106a3d', '56B-50-11211 QT', 'PIN ', '2023-08-10 02:33:03.439', '2023-08-10 02:33:03.439', NULL, '{"MK2306286924":[{"id_instruksi":"230516e62c","hardness":["H2307124cca"],"hardnessKategori":["HK230712824d"],"material":["M230628eaa2"],"materialKategori":[""],"parameter":["P2307120416"],"parameterKategori":["PK2307121099"]}]}', '{MK2306286924}', NULL);
INSERT INTO public.master_item VALUES ('MI2308105d98', '20Y-70-J1360 IQT', 'PIN ', '2023-08-10 02:34:07.86', '2023-08-10 02:34:07.86', NULL, '{"MK2307030201":[{"id_instruksi":"23051576e4","hardness":["H2307124cca"],"hardnessKategori":["HK230712824d"],"material":["M230628eaa2"],"materialKategori":[""],"parameter":["P2307120416"],"parameterKategori":["PK2307121099"]}]}', '{MK2307030201}', NULL);
INSERT INTO public.master_item VALUES ('MI2308107f94', '20Y-70-J1360 QT', 'PIN ', '2023-08-10 02:34:32.53', '2023-08-10 02:34:32.53', NULL, '{"MK2306286924":[{"id_instruksi":"230516e62c","hardness":["H2307124cca"],"hardnessKategori":["HK230712824d"],"material":["M230628eaa2"],"materialKategori":[""],"parameter":["P2307120416"],"parameterKategori":["PK2307121099"]}]}', '{MK2306286924}', NULL);
INSERT INTO public.master_item VALUES ('MI230810b10e', '20Y-70-J1370 IQT', 'PIN ', '2023-08-10 02:35:44.02', '2023-08-10 02:35:44.02', NULL, '{"MK2307030201":[{"id_instruksi":"23051576e4","hardness":["H2307124cca"],"hardnessKategori":["HK230712824d"],"material":["M2308087727"],"materialKategori":[""],"parameter":["P2307120416"],"parameterKategori":["PK2307121099"]}]}', '{MK2307030201}', NULL);
INSERT INTO public.master_item VALUES ('MI230810e9b7', '20Y-70-J1370 QT', 'PIN ', '2023-08-10 02:36:13.891', '2023-08-10 02:36:13.891', NULL, '{"MK2306286924":[{"id_instruksi":"230516e62c","hardness":["H2307124cca"],"hardnessKategori":["HK230712824d"],"material":["M2308087727"],"materialKategori":[""],"parameter":["P2307120416"],"parameterKategori":["PK2307121099"]}]}', '{MK2306286924}', NULL);
INSERT INTO public.master_item VALUES ('MI230810d2c1', '21K-70-J1180 IQT', 'PIN ', '2023-08-10 02:36:50.403', '2023-08-10 02:36:50.403', NULL, '{"MK2307030201":[{"id_instruksi":"23051576e4","hardness":["H2307124cca"],"hardnessKategori":["HK230712824d"],"material":["M2308087727"],"materialKategori":[""],"parameter":["P2307120416"],"parameterKategori":["PK2307121099"]}]}', '{MK2307030201}', NULL);
INSERT INTO public.master_item VALUES ('MI230810980e', '21K-70-J1180 QT', 'PIN ', '2023-08-10 02:37:17.614', '2023-08-10 02:37:17.614', NULL, '{"MK2306286924":[{"id_instruksi":"230516e62c","hardness":["H2307124cca"],"hardnessKategori":["HK230712824d"],"material":["M2308087727"],"materialKategori":[""],"parameter":["P2307120416"],"parameterKategori":["PK2307121099"]}]}', '{MK2306286924}', NULL);
INSERT INTO public.master_item VALUES ('MI2308108d11', '235-27-11310 QT', 'PIN ', '2023-08-10 02:41:19.591', '2023-08-10 02:41:19.591', NULL, '{"MK2306286924":[{"id_instruksi":"230516e62c","hardness":["H2307124cca"],"hardnessKategori":["HK230712824d"],"material":["M230628eaa2"],"materialKategori":[""],"parameter":["P2307120416"],"parameterKategori":["PK2307121099"]}]}', '{MK2306286924}', NULL);
INSERT INTO public.master_item VALUES ('MI230810d0e5', '417-46-11151 IQT', 'PIN ', '2023-08-10 02:43:11.177', '2023-08-10 02:43:11.177', NULL, '{"MK2307030201":[{"id_instruksi":"23051576e4","hardness":["H2307124cca"],"hardnessKategori":["HK230712824d"],"material":["M230628eaa2"],"materialKategori":[""],"parameter":["P2307120416"],"parameterKategori":["PK2307121099"]}]}', '{MK2307030201}', NULL);
INSERT INTO public.master_item VALUES ('MI2308109e4b', '417-46-11151 QT', 'PIN ', '2023-08-10 02:43:36.043', '2023-08-10 02:43:36.043', NULL, '{"MK2306286924":[{"id_instruksi":"230516e62c","hardness":["H2307124cca"],"hardnessKategori":["HK230712824d"],"material":["M230628eaa2"],"materialKategori":[""],"parameter":["P2307120416"],"parameterKategori":["PK2307121099"]}]}', '{MK2306286924}', NULL);
INSERT INTO public.master_item VALUES ('MI2308107215', '202-70-64151', 'PIN ', '2023-08-10 02:44:35.558', '2023-08-10 02:44:35.558', NULL, '{"MK2307030201":[{"id_instruksi":"23051576e4","hardness":["H2307124cca"],"hardnessKategori":["HK230712824d"],"material":["M230628eaa2"],"materialKategori":[""],"parameter":["P2307120416"],"parameterKategori":["PK2307121099"]}]}', '{MK2307030201}', NULL);
INSERT INTO public.master_item VALUES ('MI2308107f86', '154-71-21290 IQT', 'PIN ', '2023-08-10 02:45:23.221', '2023-08-10 02:45:23.221', NULL, '{"MK2307030201":[{"id_instruksi":"23051576e4","hardness":["H2307124cca"],"hardnessKategori":["HK230712824d"],"material":["M230628eaa2"],"materialKategori":[""],"parameter":["P2307120416"],"parameterKategori":["PK2307121099"]}]}', '{MK2307030201}', NULL);
INSERT INTO public.master_item VALUES ('MI230810e03b', '154-71-21290 QT', 'PIN ', '2023-08-10 02:45:53.992', '2023-08-10 02:45:53.992', NULL, '{"MK2306286924":[{"id_instruksi":"230516e62c","hardness":["H2307124cca"],"hardnessKategori":["HK230712824d"],"material":["M230628eaa2"],"materialKategori":[""],"parameter":["P2307120416"],"parameterKategori":["PK2307121099"]}]}', '{MK2306286924}', NULL);
INSERT INTO public.master_item VALUES ('MI2308107256', '144-85-41280', 'PIN ', '2023-08-10 02:46:31.676', '2023-08-10 02:46:31.676', NULL, '{"MK2306286924":[{"id_instruksi":"230516e62c","hardness":["H2307124cca"],"hardnessKategori":["HK230712824d"],"material":["M230628eaa2"],"materialKategori":[""],"parameter":["P2307120416"],"parameterKategori":["PK2307121099"]}]}', '{MK2306286924}', NULL);
INSERT INTO public.master_item VALUES ('MI23081085eb', '14X-43-11270', 'PIN ', '2023-08-10 02:46:58.81', '2023-08-10 02:46:58.81', NULL, '{"MK2306286924":[{"id_instruksi":"230516e62c","hardness":["H2307124cca"],"hardnessKategori":["HK230712824d"],"material":["M230628eaa2"],"materialKategori":[""],"parameter":["P2307120416"],"parameterKategori":["PK2307121099"]}]}', '{MK2306286924}', NULL);
INSERT INTO public.master_item VALUES ('MI2308100158', '707-71-32390', 'COLLAR', '2023-08-10 03:02:08.238', '2023-08-10 03:02:08.238', NULL, '{"MK2306286924":[{"id_instruksi":"230516e62c","hardness":["H2307124cca"],"hardnessKategori":["HK230712824d"],"material":["M230628eaa2"],"materialKategori":[""],"parameter":["P2307120416"],"parameterKategori":["PK2307121099"]}]}', '{MK2306286924}', NULL);
INSERT INTO public.master_item VALUES ('MI230810d2d2', '235-27-11620 QT', 'PIN ', '2023-08-10 02:42:30.382', '2023-08-10 02:50:11.468', NULL, '{"MK2306286924":[{"id_instruksi":"230516e62c","hardness":["H2307124cca"],"hardnessKategori":["HK230712824d"],"material":["M230810bc63"],"materialKategori":[""],"parameter":["P2307120416"],"parameterKategori":["PK2307121099"]}]}', '{MK2306286924}', NULL);
INSERT INTO public.master_item VALUES ('MI2308103448', '235-27-11620 IQT', 'PIN ', '2023-08-10 02:42:00.584', '2023-08-10 02:50:18.158', NULL, '{"MK2307030201":[{"id_instruksi":"23051576e4","hardness":["H2307124cca"],"hardnessKategori":["HK230712824d"],"material":["M230810bc63"],"materialKategori":[""],"parameter":["P2307120416"],"parameterKategori":["PK2307121099"]}]}', '{MK2307030201}', NULL);
INSERT INTO public.master_item VALUES ('MI230810c2f0', '707-40-11360', 'RETAINER', '2023-08-10 02:56:09.684', '2023-08-10 02:56:09.684', NULL, '{"MK2306286924":[{"id_instruksi":"230516e62c","hardness":["H2307124cca"],"hardnessKategori":["HK230712824d"],"material":["M230628eaa2"],"materialKategori":[""],"parameter":["P2307120416"],"parameterKategori":["PK2307121099"]}]}', '{MK2306286924}', NULL);
INSERT INTO public.master_item VALUES ('MI2308103ffc', '5617-411361', 'PIN', '2023-08-10 02:56:49.257', '2023-08-10 02:56:49.257', NULL, '{"MK2306286924":[{"id_instruksi":"230516e62c","hardness":["H2307124cca"],"hardnessKategori":["HK230712824d"],"material":["M230628eaa2"],"materialKategori":[""],"parameter":["P2307120416"],"parameterKategori":["PK2307121099"]}]}', '{MK2306286924}', NULL);
INSERT INTO public.master_item VALUES ('MI230810c483', '14X-43-11270', 'PIN', '2023-08-10 02:57:20.941', '2023-08-10 02:57:20.941', NULL, '{"MK2306286924":[{"id_instruksi":"230516e62c","hardness":["H2307124cca"],"hardnessKategori":["HK230712824d"],"material":["M230628eaa2"],"materialKategori":[""],"parameter":["P2307120416"],"parameterKategori":["PK2307121099"]}]}', '{MK2306286924}', NULL);
INSERT INTO public.master_item VALUES ('MI2308101380', '581-60-12610', 'YOKE', '2023-08-10 02:57:49.724', '2023-08-10 02:57:49.724', NULL, '{"MK2306286924":[{"id_instruksi":"230516e62c","hardness":["H2307124cca"],"hardnessKategori":["HK230712824d"],"material":["M230628eaa2"],"materialKategori":[""],"parameter":["P2307120416"],"parameterKategori":["PK2307121099"]}]}', '{MK2306286924}', NULL);
INSERT INTO public.master_item VALUES ('MI230810d66c', '707-88-41130-SF', 'ROD END', '2023-08-10 02:59:42.894', '2023-08-10 02:59:42.894', NULL, '{"MK2306286924":[{"id_instruksi":"230516e62c","hardness":["H2307124cca"],"hardnessKategori":["HK230712824d"],"material":["M230628eaa2"],"materialKategori":[""],"parameter":["P2307120416"],"parameterKategori":["PK2307121099"]}]}', '{MK2306286924}', NULL);
INSERT INTO public.master_item VALUES ('MI2308105e86', '134-X52-1G20', 'BOSS', '2023-08-10 03:00:51.092', '2023-08-10 03:00:51.092', NULL, '{"MK2306286924":[{"id_instruksi":"230516e62c","hardness":["H2307124cca"],"hardnessKategori":["HK230712824d"],"material":["M230810bc63"],"materialKategori":[""],"parameter":["P2307120416"],"parameterKategori":["PK2307121099"]}]}', '{MK2306286924}', NULL);
INSERT INTO public.master_item VALUES ('MI230810e60f', '707-71-35110-SF', 'COLLAR ', '2023-08-10 03:01:35.693', '2023-08-10 03:02:17.389', NULL, '{"MK2306286924":[{"id_instruksi":"230516e62c","hardness":["H2307124cca"],"hardnessKategori":["HK230712824d"],"material":["M230628eaa2"],"materialKategori":[""],"parameter":["P2307120416"],"parameterKategori":["PK2307121099"]}]}', '{MK2306286924}', NULL);
INSERT INTO public.master_item VALUES ('MI2308106234', '707-22-10E70-SF', 'BOTTOM', '2023-08-10 03:00:13.741', '2023-08-10 03:02:46.277', NULL, '{"MK2306286924":[{"id_instruksi":"230516e62c","hardness":["H2307124cca"],"hardnessKategori":["HK230712824d"],"material":["M230628eaa2"],"materialKategori":[""],"parameter":["P2307120416"],"parameterKategori":["PK2307121099"]}]}', '{MK2306286924}', NULL);
INSERT INTO public.master_item VALUES ('MI230810ca8b', '707-71-33560', 'COLLAR', '2023-08-10 03:03:20.51', '2023-08-10 03:03:20.51', NULL, '{"MK2306286924":[{"id_instruksi":"230516e62c","hardness":["H2307124cca"],"hardnessKategori":["HK230712824d"],"material":["M230628eaa2"],"materialKategori":[""],"parameter":["P2307120416"],"parameterKategori":["PK2307121099"]}]}', '{MK2306286924}', NULL);
INSERT INTO public.master_item VALUES ('MI23081032b9', '707-71-32530SF', 'COLLAR', '2023-08-10 03:03:45.801', '2023-08-10 03:03:45.801', NULL, '{"MK2306286924":[{"id_instruksi":"230516e62c","hardness":["H2307124cca"],"hardnessKategori":["HK230712824d"],"material":["M230628eaa2"],"materialKategori":[""],"parameter":["P2307120416"],"parameterKategori":["PK2307121099"]}]}', '{MK2306286924}', NULL);
INSERT INTO public.master_item VALUES ('MI2308102ab0', '134-01-62430', 'PIN', '2023-08-10 03:04:20.391', '2023-08-10 03:04:20.391', NULL, '{"MK2306286924":[{"id_instruksi":"230516e62c","hardness":["H2307124cca"],"hardnessKategori":["HK230712824d"],"material":["M230810bc63"],"materialKategori":[""],"parameter":["P2307120416"],"parameterKategori":["PK2307121099"]}]}', '{MK2306286924}', NULL);
INSERT INTO public.master_item VALUES ('MI230810b43f', '707-21-18430', 'HEAD', '2023-08-10 03:05:05.911', '2023-08-10 03:05:05.911', NULL, '{"MK2306286924":[{"id_instruksi":"230516e62c","hardness":["H2307124cca"],"hardnessKategori":["HK230712824d"],"material":["M230628eaa2"],"materialKategori":[""],"parameter":["P2307120416"],"parameterKategori":["PK2307121099"]}]}', '{MK2306286924}', NULL);
INSERT INTO public.master_item VALUES ('MI230810fa8d', '707-21-15161SF', 'HEAD', '2023-08-10 03:05:30.167', '2023-08-10 03:05:30.167', NULL, '{"MK2306286924":[{"id_instruksi":"230516e62c","hardness":["H2307124cca"],"hardnessKategori":["HK230712824d"],"material":["M230628eaa2"],"materialKategori":[""],"parameter":["P2307120416"],"parameterKategori":["PK2307121099"]}]}', '{MK2306286924}', NULL);
INSERT INTO public.master_item VALUES ('MI230810e38a', '707-29-10342SF', 'CYL.HEAD', '2023-08-10 03:09:17.792', '2023-08-10 03:09:17.792', NULL, '{"MK2306286924":[{"id_instruksi":"230516e62c","hardness":["H2307124cca"],"hardnessKategori":["HK230712824d"],"material":["M230628eaa2"],"materialKategori":[""],"parameter":["P2307120416"],"parameterKategori":["PK2307121099"]}]}', '{MK2306286924}', NULL);
INSERT INTO public.master_item VALUES ('MI230810c52f', '707-27-14A20', 'CYL.HEAD', '2023-08-10 03:09:46.947', '2023-08-10 03:09:46.947', NULL, '{"MK2306286924":[{"id_instruksi":"230516e62c","hardness":["H2307124cca"],"hardnessKategori":["HK230712824d"],"material":["M230628eaa2"],"materialKategori":[""],"parameter":["P2307120416"],"parameterKategori":["PK2307121099"]}]}', '{MK2306286924}', NULL);
INSERT INTO public.master_item VALUES ('MI230810e7bd', '707-29-90802-SF', 'CYL.HEAD', '2023-08-10 03:10:12.138', '2023-08-10 03:10:12.138', NULL, '{"MK2306286924":[{"id_instruksi":"230516e62c","hardness":["H2307124cca"],"hardnessKategori":["HK230712824d"],"material":["M230628eaa2"],"materialKategori":[""],"parameter":["P2307120416"],"parameterKategori":["PK2307121099"]}]}', '{MK2306286924}', NULL);
INSERT INTO public.master_item VALUES ('MI23081020af', '707-29-85310-SF', 'CYL.HEAD', '2023-08-10 03:10:36.781', '2023-08-10 03:10:36.781', NULL, '{"MK2306286924":[{"id_instruksi":"230516e62c","hardness":["H2307124cca"],"hardnessKategori":["HK230712824d"],"material":["M230628eaa2"],"materialKategori":[""],"parameter":["P2307120416"],"parameterKategori":["PK2307121099"]}]}', '{MK2306286924}', NULL);
INSERT INTO public.master_item VALUES ('MI2308104c93', '707-29-95260-SF', 'CYL.HEAD', '2023-08-10 03:11:02.689', '2023-08-10 03:11:02.689', NULL, '{"MK2306286924":[{"id_instruksi":"230516e62c","hardness":["H2307124cca"],"hardnessKategori":["HK230712824d"],"material":["M230628eaa2"],"materialKategori":[""],"parameter":["P2307120416"],"parameterKategori":["PK2307121099"]}]}', '{MK2306286924}', NULL);
INSERT INTO public.master_item VALUES ('MI2308101203', '707-29-90A30', 'CYL.HEAD ', '2023-08-10 03:11:25.133', '2023-08-10 03:11:25.133', NULL, '{"MK2306286924":[{"id_instruksi":"230516e62c","hardness":["H2307124cca"],"hardnessKategori":["HK230712824d"],"material":["M230628eaa2"],"materialKategori":[""],"parameter":["P2307120416"],"parameterKategori":["PK2307121099"]}]}', '{MK2306286924}', NULL);
INSERT INTO public.master_item VALUES ('MI2308103dfe', '707-36-21120SF', 'PISTON', '2023-08-10 03:11:52.962', '2023-08-10 03:11:52.962', NULL, '{"MK2306286924":[{"id_instruksi":"230516e62c","hardness":["H2307124cca"],"hardnessKategori":["HK230712824d"],"material":["M230628eaa2"],"materialKategori":[""],"parameter":["P2307120416"],"parameterKategori":["PK2307121099"]}]}', '{MK2306286924}', NULL);
INSERT INTO public.master_item VALUES ('MI23081007d4', '707-36-18660SF', 'PISTON', '2023-08-10 03:12:16.675', '2023-08-10 03:12:16.675', NULL, '{"MK2306286924":[{"id_instruksi":"230516e62c","hardness":["H2307124cca"],"hardnessKategori":["HK230712824d"],"material":["M230628eaa2"],"materialKategori":[""],"parameter":["P2307120416"],"parameterKategori":["PK2307121099"]}]}', '{MK2306286924}', NULL);
INSERT INTO public.master_item VALUES ('MI230810f044', '569-54-82323', 'BRACKET', '2023-08-10 03:12:41.169', '2023-08-10 03:12:41.169', NULL, '{"MK2306286924":[{"id_instruksi":"230516e62c","hardness":["H2307124cca"],"hardnessKategori":["HK230712824d"],"material":["M230628eaa2"],"materialKategori":[""],"parameter":["P2307120416"],"parameterKategori":["PK2307121099"]}]}', '{MK2306286924}', NULL);
INSERT INTO public.master_item VALUES ('MI2308104bbb', '707-67-48030', 'NUT', '2023-08-10 03:13:04.268', '2023-08-10 03:13:04.268', NULL, '{"MK2306286924":[{"id_instruksi":"230516e62c","hardness":["H2307124cca"],"hardnessKategori":["HK230712824d"],"material":["M230628eaa2"],"materialKategori":[""],"parameter":["P2307120416"],"parameterKategori":["PK2307121099"]}]}', '{MK2306286924}', NULL);
INSERT INTO public.master_item VALUES ('MI2308108566', '707-36-80850', 'PISTON ', '2023-08-10 03:13:28.296', '2023-08-10 03:13:28.296', NULL, '{"MK2306286924":[{"id_instruksi":"230516e62c","hardness":["H2307124cca"],"hardnessKategori":["HK230712824d"],"material":["M230809e316"],"materialKategori":[""],"parameter":["P2307120416"],"parameterKategori":["PK2307121099"]}]}', '{MK2306286924}', NULL);
INSERT INTO public.master_item VALUES ('MI2308101ab7', '707-36-90610', 'PISTON ', '2023-08-10 03:14:58.695', '2023-08-10 03:14:58.695', NULL, '{"MK2306286924":[{"id_instruksi":"230516e62c","hardness":["H2307124cca"],"hardnessKategori":["HK230712824d"],"material":["M230809e316"],"materialKategori":[""],"parameter":["P2307120416"],"parameterKategori":["PK2307121099"]}]}', '{MK2306286924}', NULL);
INSERT INTO public.master_item VALUES ('MI2308102f3b', 'Y01-40-80000', 'RETAINER ', '2023-08-10 03:15:27.854', '2023-08-10 03:15:27.854', NULL, '{"MK2306286924":[{"id_instruksi":"230516e62c","hardness":["H2307124cca"],"hardnessKategori":["HK230712824d"],"material":["M230809e316"],"materialKategori":[""],"parameter":["P2307120416"],"parameterKategori":["PK2307121099"]}]}', '{MK2306286924}', NULL);
INSERT INTO public.master_item VALUES ('MI2308102e9d', 'MY-30-18121', 'SPEACER ', '2023-08-10 03:15:56.738', '2023-08-10 03:15:56.738', NULL, '{"MK2306286924":[{"id_instruksi":"230516e62c","hardness":["H2307124cca"],"hardnessKategori":["HK230712824d"],"material":["M230809e316"],"materialKategori":[""],"parameter":["P2307120416"],"parameterKategori":["PK2307121099"]}]}', '{MK2306286924}', NULL);
INSERT INTO public.master_item VALUES ('MI230810ed7d', '707-29-95260-SF', 'C HEAD', '2023-08-10 03:16:20.839', '2023-08-10 03:16:20.839', NULL, '{"MK2306286924":[{"id_instruksi":"230516e62c","hardness":["H2307124cca"],"hardnessKategori":["HK230712824d"],"material":["M230809e316"],"materialKategori":[""],"parameter":["P2307120416"],"parameterKategori":["PK2307121099"]}]}', '{MK2306286924}', NULL);
INSERT INTO public.master_item VALUES ('MI23081067a0', '94G-12-21310', 'COLLAR', '2023-08-10 03:16:44.429', '2023-08-10 03:16:44.429', NULL, '{"MK2306286924":[{"id_instruksi":"230516e62c","hardness":["H2307124cca"],"hardnessKategori":["HK230712824d"],"material":["M230809e316"],"materialKategori":[""],"parameter":["P2307120416"],"parameterKategori":["PK2307121099"]}]}', '{MK2306286924}', NULL);
INSERT INTO public.master_item VALUES ('MI2308103bc5', '707-71-34210', 'COLLAR', '2023-08-10 03:17:06.971', '2023-08-10 03:17:06.971', NULL, '{"MK2306286924":[{"id_instruksi":"230516e62c","hardness":["H2307124cca"],"hardnessKategori":["HK230712824d"],"material":["M230809e316"],"materialKategori":[""],"parameter":["P2307120416"],"parameterKategori":["PK2307121099"]}]}', '{MK2306286924}', NULL);
INSERT INTO public.master_item VALUES ('MI23081098be', '203-56-J1360', 'BOLT STUD ', '2023-08-10 03:17:29.829', '2023-08-10 03:17:29.829', NULL, '{"MK2306286924":[{"id_instruksi":"230516e62c","hardness":["H2307124cca"],"hardnessKategori":["HK230712824d"],"material":["M230809e316"],"materialKategori":[""],"parameter":["P2307120416"],"parameterKategori":["PK2307121099"]}]}', '{MK2306286924}', NULL);
INSERT INTO public.master_item VALUES ('MI23081051cf', '569-54-82323', 'BRACKET', '2023-08-10 03:17:53.367', '2023-08-10 03:17:53.367', NULL, '{"MK2306286924":[{"id_instruksi":"230516e62c","hardness":["H2307124cca"],"hardnessKategori":["HK230712824d"],"material":["M230809e316"],"materialKategori":[""],"parameter":["P2307120416"],"parameterKategori":["PK2307121099"]}]}', '{MK2306286924}', NULL);
INSERT INTO public.master_item VALUES ('MI230810528b', '707-36-35180', 'PISTON ', '2023-08-10 03:18:16.694', '2023-08-10 03:18:16.694', NULL, '{"MK2306286924":[{"id_instruksi":"230516e62c","hardness":["H2307124cca"],"hardnessKategori":["HK230712824d"],"material":["M230809e316"],"materialKategori":[""],"parameter":["P2307120416"],"parameterKategori":["PK2307121099"]}]}', '{MK2306286924}', NULL);
INSERT INTO public.master_item VALUES ('MI230810eac6', '707-36-11610', 'PISTON ', '2023-08-10 03:18:49.36', '2023-08-10 03:18:49.36', NULL, '{"MK2306286924":[{"id_instruksi":"230516e62c","hardness":["H2307124cca"],"hardnessKategori":["HK230712824d"],"material":["M230809e316"],"materialKategori":[""],"parameter":["P2307120416"],"parameterKategori":["PK2307121099"]}]}', '{MK2306286924}', NULL);
INSERT INTO public.master_item VALUES ('MI2308103e3b', '707-36-65310', 'PISTON ', '2023-08-10 03:19:12.406', '2023-08-10 03:19:12.406', NULL, '{"MK2306286924":[{"id_instruksi":"230516e62c","hardness":["H2307124cca"],"hardnessKategori":["HK230712824d"],"material":["M230809e316"],"materialKategori":[""],"parameter":["P2307120416"],"parameterKategori":["PK2307121099"]}]}', '{MK2306286924}', NULL);
INSERT INTO public.master_item VALUES ('MI230810804e', '707-36-75470', 'PISTON ', '2023-08-10 03:20:02.856', '2023-08-10 03:20:02.856', NULL, '{"MK2306286924":[{"id_instruksi":"230516e62c","hardness":["H2307124cca"],"hardnessKategori":["HK230712824d"],"material":["M230809e316"],"materialKategori":[""],"parameter":["P2307120416"],"parameterKategori":["PK2307121099"]}]}', '{MK2306286924}', NULL);
INSERT INTO public.master_item VALUES ('MI230810d762', '707-36-10780', 'PISTON ', '2023-08-10 03:20:23.225', '2023-08-10 03:20:23.225', NULL, '{"MK2306286924":[{"id_instruksi":"230516e62c","hardness":["H2307124cca"],"hardnessKategori":["HK230712824d"],"material":["M230809e316"],"materialKategori":[""],"parameter":["P2307120416"],"parameterKategori":["PK2307121099"]}]}', '{MK2306286924}', NULL);
INSERT INTO public.master_item VALUES ('MI2308105663', '707-36-95040', 'PISTON ', '2023-08-10 03:20:45.69', '2023-08-10 03:20:45.69', NULL, '{"MK2306286924":[{"id_instruksi":"230516e62c","hardness":["H2307124cca"],"hardnessKategori":["HK230712824d"],"material":["M230809e316"],"materialKategori":[""],"parameter":["P2307120416"],"parameterKategori":["PK2307121099"]}]}', '{MK2306286924}', NULL);
INSERT INTO public.master_item VALUES ('MI2308102784', '134-X52-1G30', 'BOSS', '2023-08-10 03:21:10.942', '2023-08-10 03:21:10.942', NULL, '{"MK2306286924":[{"id_instruksi":"230516e62c","hardness":["H2307124cca"],"hardnessKategori":["HK230712824d"],"material":["M230809e316"],"materialKategori":[""],"parameter":["P2307120416"],"parameterKategori":["PK2307121099"]}]}', '{MK2306286924}', NULL);
INSERT INTO public.master_item VALUES ('MI2308119ee6', 'FT PT 2 X 4', NULL, '2023-08-11 08:27:14.513', '2023-08-11 08:27:14.513', NULL, '{"MK230628d4f3":[{"id_instruksi":"230515d133","hardness":["H2307124cca"],"hardnessKategori":["HK230712824d"],"material":["M230628ff9e"],"materialKategori":[""],"parameter":["P2307120416"],"parameterKategori":["PK2307121099"]}]}', '{MK230628d4f3}', NULL);
INSERT INTO public.master_item VALUES ('MI230811b427', 'FH MS 3 X 6.5', NULL, '2023-08-11 08:27:38.615', '2023-08-11 08:27:38.615', NULL, '{"MK230628d4f3":[{"id_instruksi":"230515d133","hardness":["H2307124cca"],"hardnessKategori":["HK230712824d"],"material":["M230628ff9e"],"materialKategori":[""],"parameter":["P2307120416"],"parameterKategori":["PK2307121099"]}]}', '{MK230628d4f3}', NULL);
INSERT INTO public.master_item VALUES ('MI2308116ed3', 'PL BT 2 X 8', NULL, '2023-08-11 08:28:19.465', '2023-08-11 08:28:19.465', NULL, '{"MK230628d4f3":[{"id_instruksi":"230515d133","hardness":["H2307124cca"],"hardnessKategori":["HK230712824d"],"material":["M230628ff9e"],"materialKategori":[""],"parameter":["P2307120416"],"parameterKategori":["PK2307121099"]}]}', '{MK230628d4f3}', NULL);
INSERT INTO public.master_item VALUES ('MI230814f51f', 'PH TS-I 4 X 16', NULL, '2023-08-14 08:15:47.932', '2023-08-14 08:15:47.932', NULL, '{"MK230628d4f3":[{"id_instruksi":"230515d133","hardness":["H2307124cca"],"hardnessKategori":["HK230712824d"],"material":["M230628ff9e"],"materialKategori":[""],"parameter":["P2307120416"],"parameterKategori":["PK2307121099"]}]}', '{MK230628d4f3}', NULL);
INSERT INTO public.master_item VALUES ('MI2308144fa0', 'BH BT-R 3 X 10', NULL, '2023-08-14 08:16:10.361', '2023-08-14 08:16:10.361', NULL, '{"MK230628d4f3":[{"id_instruksi":"230515d133","hardness":["H2307124cca"],"hardnessKategori":["HK230712824d"],"material":["M230628ff9e"],"materialKategori":[""],"parameter":["P2307120416"],"parameterKategori":["PK2307121099"]}]}', '{MK230628d4f3}', NULL);
INSERT INTO public.master_item VALUES ('MI2308161f74', 'BV WH BT 3X8', NULL, '2023-08-16 08:15:46.947', '2023-08-16 08:15:46.947', NULL, '{"MK230628d4f3":[{"id_instruksi":"230515d133","hardness":["H2307124cca"],"hardnessKategori":["HK230712824d"],"material":["M230628ff9e"],"materialKategori":[""],"parameter":["P2307120416"],"parameterKategori":["PK2307121099"]}]}', '{MK230628d4f3}', NULL);
INSERT INTO public.master_item VALUES ('MI2308142e74', 'SHAFT D375 IDLER', '195-30-61531F0', '2023-08-14 10:40:33.929', '2023-08-23 04:50:30.148', NULL, '{"MK2306286924":[{"id_instruksi":"230516e62c","hardness":["H2307124cca"],"hardnessKategori":["HK230712824d"],"material":["2305169603"],"materialKategori":[""],"parameter":["P2307120416"],"parameterKategori":["PK2307121099"]}]}', '{MK2306286924}', NULL);
INSERT INTO public.master_item VALUES ('MI2308159278', 'SHAFT IDLER PC 800 CS', '2093014130CT', '2023-08-15 07:52:12.623', '2023-08-15 07:52:12.623', NULL, '{"MK2306286924":[{"id_instruksi":"230516e62c","hardness":["H2307124cca"],"hardnessKategori":["HK230712824d"],"material":["M230809e316"],"materialKategori":[""],"parameter":["P2307120416"],"parameterKategori":["PK2307121099"]}]}', '{MK2306286924}', NULL);
INSERT INTO public.master_item VALUES ('MI23081544b1', 'PH ST 4 X 12', NULL, '2023-08-15 08:35:06.195', '2023-08-15 08:35:06.195', NULL, '{"MK230628d4f3":[{"id_instruksi":"230515d133","hardness":["H2307124cca"],"hardnessKategori":["HK230712824d"],"material":["M230628ff9e"],"materialKategori":[""],"parameter":["P2307120416"],"parameterKategori":["PK2307121099"]}]}', '{MK230628d4f3}', NULL);
INSERT INTO public.master_item VALUES ('MI2308167df3', 'SHAFT PC 2000 IDLER', '21T3081431CT', '2023-08-16 08:41:41.059', '2023-08-16 08:41:41.059', NULL, '{"MK2306286924":[{"id_instruksi":"230516e62c","hardness":["H2307124cca"],"hardnessKategori":["HK230712824d"],"material":["M230809e316"],"materialKategori":[""],"parameter":["P2307120416"],"parameterKategori":["PK2307121099"]}]}', '{MK2306286924}', NULL);
INSERT INTO public.master_item VALUES ('MI230816ba61', 'SHAFT TR D65 NEW', '14X3015320MC', '2023-08-16 08:49:28.525', '2023-08-16 08:49:28.525', NULL, '{"MK2307030201":[{"id_instruksi":"23051576e4","hardness":["H2307124cca"],"hardnessKategori":["HK230712824d"],"material":["M230809e316"],"materialKategori":[""],"parameter":["P2307120416"],"parameterKategori":["PK2307121099"]}]}', '{MK2307030201}', NULL);
INSERT INTO public.master_item VALUES ('MI2308140a3b', 'SHAFT D375 TR NEW', '1953063630F0', '2023-08-14 10:41:06.978', '2023-08-18 07:01:04.844', NULL, '{"MK2306286924":[{"id_instruksi":"230516e62c","hardness":["H2307124cca"],"hardnessKategori":["HK230712824d"],"material":["M230809e316"],"materialKategori":[""],"parameter":["P2307120416"],"parameterKategori":["PK2307121099"]}]}', '{MK2306286924}', NULL);
INSERT INTO public.master_item VALUES ('MI2308180975', 'CARRIER ROLLER PC1250', '21N3035210MC', '2023-08-18 07:05:40.992', '2023-08-18 07:05:40.992', NULL, '{"MK2306286924":[{"id_instruksi":"230516e62c","hardness":["H2307124cca"],"hardnessKategori":["HK230712824d"],"material":["M230809e316"],"materialKategori":[""],"parameter":["P2307120416"],"parameterKategori":["PK2307121099"]}]}', '{MK2306286924}', NULL);
INSERT INTO public.master_item VALUES ('MI230818bbac', 'SHAFT TR PC1250', '21N-30-36130CT', '2023-08-18 06:58:41.015', '2023-08-23 04:46:17.431', NULL, '{"MK2306286924":[{"id_instruksi":"230516e62c","hardness":["H230710d0b7"],"hardnessKategori":["2305154d26"],"material":["M230823ba7f"],"materialKategori":[""],"parameter":["P23071013b8","P230823550d","P2307104cba"],"parameterKategori":["23051582a8","230515a1f6","230516833e"]}]}', '{MK2306286924}', NULL);
INSERT INTO public.master_item VALUES ('MI2308185905', 'SHAFT FORGING D275 TR', '17M3053630FO', '2023-08-18 07:06:21.469', '2023-08-18 07:06:21.469', NULL, '{"MK2306286924":[{"id_instruksi":"230516e62c","hardness":["H2307124cca"],"hardnessKategori":["HK230712824d"],"material":["M230809e316"],"materialKategori":[""],"parameter":["P2307120416"],"parameterKategori":["PK2307121099"]}]}', '{MK2306286924}', NULL);
INSERT INTO public.master_item VALUES ('MI2308182e05', 'SHAFT PC2000 CR', '21T3033130CT', '2023-08-18 07:06:56.92', '2023-08-18 07:06:56.92', NULL, '{"MK2306286924":[{"id_instruksi":"230516e62c","hardness":["H2307124cca"],"hardnessKategori":["HK230712824d"],"material":["M230809e316"],"materialKategori":[""],"parameter":["P2307120416"],"parameterKategori":["PK2307121099"]}]}', '{MK2306286924}', NULL);
INSERT INTO public.master_item VALUES ('MI2308180352', 'SHAFT PC1250 IDLER', '21N3033130CT', '2023-08-18 07:07:44.204', '2023-08-18 07:07:44.204', NULL, '{"MK2306286924":[{"id_instruksi":"230516e62c","hardness":["H2307124cca"],"hardnessKategori":["HK230712824d"],"material":["M230809e316"],"materialKategori":[""],"parameter":["P2307120416"],"parameterKategori":["PK2307121099"]}]}', '{MK2306286924}', NULL);
INSERT INTO public.master_item VALUES ('MI230818fc27', 'SHAFT FORGING D275 IDLER', '17M3053130FO', '2023-08-18 07:08:26.094', '2023-08-18 07:08:26.094', NULL, '{"MK2306286924":[{"id_instruksi":"230516e62c","hardness":["H2307124cca"],"hardnessKategori":["HK230712824d"],"material":["M230809e316"],"materialKategori":[""],"parameter":["P2307120416"],"parameterKategori":["PK2307121099"]}]}', '{MK2306286924}', NULL);
INSERT INTO public.master_item VALUES ('MI230818f24a', 'SHAFT CR D275', '17M3053530CT', '2023-08-18 07:08:59.724', '2023-08-18 07:08:59.724', NULL, '{"MK2306286924":[{"id_instruksi":"230516e62c","hardness":["H2307124cca"],"hardnessKategori":["HK230712824d"],"material":["M230809e316"],"materialKategori":[""],"parameter":["P2307120416"],"parameterKategori":["PK2307121099"]}]}', '{MK2306286924}', NULL);
INSERT INTO public.master_item VALUES ('MI230818fe9f', 'SHAFT PC 400 COLD SPEC', '2083056140CT', '2023-08-18 07:09:34.536', '2023-08-18 07:09:34.536', NULL, '{"MK2306286924":[{"id_instruksi":"230516e62c","hardness":["H2307124cca"],"hardnessKategori":["HK230712824d"],"material":["M230809e316"],"materialKategori":[""],"parameter":["P2307120416"],"parameterKategori":["PK2307121099"]}]}', '{MK2306286924}', NULL);
INSERT INTO public.master_item VALUES ('MI230818c83c', 'SHAFT TR D85', '154307423CT', '2023-08-18 07:10:11.613', '2023-08-18 07:10:11.613', NULL, '{"MK2306286924":[{"id_instruksi":"230516e62c","hardness":["H2307124cca"],"hardnessKategori":["HK230712824d"],"material":["M230809e316"],"materialKategori":[""],"parameter":["P2307120416"],"parameterKategori":["PK2307121099"]}]}', '{MK2306286924}', NULL);
INSERT INTO public.master_item VALUES ('MI230818dfca', 'SHAFT D375 LONG', '1953077231F0', '2023-08-18 07:10:47.772', '2023-08-18 07:10:47.772', NULL, '{"MK2306286924":[{"id_instruksi":"230516e62c","hardness":["H2307124cca"],"hardnessKategori":["HK230712824d"],"material":["M230809e316"],"materialKategori":[""],"parameter":["P2307120416"],"parameterKategori":["PK2307121099"]}]}', '{MK2306286924}', NULL);
INSERT INTO public.master_item VALUES ('MI230818cfea', 'SHAFT D475', '1983075320', '2023-08-18 07:11:39.181', '2023-08-18 07:11:39.181', NULL, '{"MK2306286924":[{"id_instruksi":"230516e62c","hardness":["H2307124cca"],"hardnessKategori":["HK230712824d"],"material":["M230809e316"],"materialKategori":[""],"parameter":["P2307120416"],"parameterKategori":["PK2307121099"]}]}', '{MK2306286924}', NULL);
INSERT INTO public.master_item VALUES ('MI2308189f14', 'RING D155 GC TR', '17A307724A', '2023-08-18 07:13:17.279', '2023-08-18 07:13:17.279', NULL, '{"MK2306286924":[{"id_instruksi":"230516e62c","hardness":["H2307124cca"],"hardnessKategori":["HK230712824d"],"material":["M230809e316"],"materialKategori":[""],"parameter":["P2307120416"],"parameterKategori":["PK2307121099"]}]}', '{MK2306286924}', NULL);
INSERT INTO public.master_item VALUES ('MI23081898aa', 'SHAFT PC 200 TR OLD AFTER MACHINING', '22U3011420MC', '2023-08-18 07:15:24.689', '2023-08-18 07:15:24.689', NULL, '{"MK2307030201":[{"id_instruksi":"23051576e4","hardness":["H2307124cca"],"hardnessKategori":["HK230712824d"],"material":["M230809e316"],"materialKategori":[""],"parameter":["P2307120416"],"parameterKategori":["PK2307121099"]}]}', '{MK2307030201}', NULL);
INSERT INTO public.master_item VALUES ('MI23081829d7', 'PH STEP ST 4 X 21.5', NULL, '2023-08-18 09:16:34.091', '2023-08-18 09:16:34.091', NULL, '{"MK230628d4f3":[{"id_instruksi":"230515d133","hardness":["H2307124cca"],"hardnessKategori":["HK230712824d"],"material":["M230628ff9e"],"materialKategori":[""],"parameter":["P2307120416"],"parameterKategori":["PK2307121099"]}]}', '{MK230628d4f3}', NULL);
INSERT INTO public.master_item VALUES ('MI2308186a03', 'DIN C 4.8 X 25', NULL, '2023-08-18 09:17:00.167', '2023-08-18 09:17:00.167', NULL, '{"MK230628d4f3":[{"id_instruksi":"230515d133","hardness":["H2307124cca"],"hardnessKategori":["HK230712824d"],"material":["2305152336"],"materialKategori":[""],"parameter":["P2307120416"],"parameterKategori":["PK2307121099"]}]}', '{MK230628d4f3}', NULL);
INSERT INTO public.master_item VALUES ('MI230818115f', 'BH TS-I 4 X 12', NULL, '2023-08-18 09:31:16.938', '2023-08-18 09:31:16.938', NULL, '{"MK230628d4f3":[{"id_instruksi":"230515d133","hardness":["H2307124cca"],"hardnessKategori":["HK230712824d"],"material":["M230628ff9e"],"materialKategori":[""],"parameter":["P2307120416"],"parameterKategori":["PK2307121099"]}]}', '{MK230628d4f3}', NULL);
INSERT INTO public.master_item VALUES ('MI23082174e6', 'FT SERRC-T 3 X 7', NULL, '2023-08-21 07:56:09.503', '2023-08-21 07:56:09.503', NULL, '{"MK230628d4f3":[{"id_instruksi":"230515d133","hardness":["H2307124cca"],"hardnessKategori":["HK230712824d"],"material":["M230628ff9e"],"materialKategori":[""],"parameter":["P2307120416"],"parameterKategori":["PK2307121099"]}]}', '{MK230628d4f3}', NULL);
INSERT INTO public.master_item VALUES ('MI2308227221', 'DIN R 4.8X19', NULL, '2023-08-22 10:10:18.879', '2023-08-22 10:10:18.879', NULL, '{"MK230628d4f3":[{"id_instruksi":"230515d133","hardness":["H230822efa5"],"hardnessKategori":["HK230712824d"],"material":["2305152336"],"materialKategori":[""],"parameter":["P23082255f0"],"parameterKategori":["PK230822399f"]}]}', '{MK230628d4f3}', '');
INSERT INTO public.master_item VALUES ('MI2308228dc3', 'BV BT 3 X 10', NULL, '2023-08-22 10:20:38.808', '2023-08-22 10:20:38.808', NULL, '{"MK230628d4f3":[{"id_instruksi":"230515d133","hardness":["H230822efa5"],"hardnessKategori":["HK230712824d"],"material":["M230628ff9e"],"materialKategori":[""],"parameter":["P23082255f0"],"parameterKategori":["PK230822399f"]}]}', '{MK230628d4f3}', NULL);
INSERT INTO public.master_item VALUES ('MI2308253f03', 'TH TS-I 4 X 12', NULL, '2023-08-25 09:05:00.966', '2023-08-25 09:05:00.966', NULL, '{"MK230628d4f3":[{"id_instruksi":"230515d133","hardness":["H230822efa5"],"hardnessKategori":["HK230712824d"],"material":["M230628ff9e"],"materialKategori":[""],"parameter":["P23082255f0"],"parameterKategori":["PK230822399f"]}]}', '{MK230628d4f3}', 'SPM');
INSERT INTO public.master_item VALUES ('MI230823ca5b', 'CRANK SHAFT KOJA-L JA', '13321-K0J-N000-AA', '2023-08-23 03:32:00.33', '2023-08-23 03:48:22.016', NULL, '{"230521603b":[{"id_instruksi":"IK230822d271","hardness":["H230822efa5"],"hardnessKategori":["HK230712824d"],"material":["M230809e316"],"materialKategori":[""],"parameter":["P23082255f0"],"parameterKategori":["PK230822399f"]}],"MK230628d4f3":[{"id_instruksi":"IK230822d271","hardness":["H230822efa5"],"hardnessKategori":["HK230712824d"],"material":["M230809e316"],"materialKategori":[""],"parameter":["P23082255f0"],"parameterKategori":["PK230822399f"]}]}', '{MK230628d4f3}', NULL);
INSERT INTO public.master_item VALUES ('MI23081467b9', 'SHAFT TR D155 ', '175-30-36130F0', '2023-08-14 10:39:59.712', '2023-08-23 04:47:29.421', NULL, '{"MK2306286924":[{"id_instruksi":"230516e62c","hardness":["H2308231ce2"],"hardnessKategori":["2305154d26"],"material":["M230823e887"],"materialKategori":[""],"parameter":["P2308232c12","P230823550d","P2308230a8d"],"parameterKategori":["23051582a8","230515a1f6","230516833e"]}]}', '{MK2306286924}', NULL);
INSERT INTO public.master_item VALUES ('MI230628931d', 'SHAFT PC2000 TR', '21T-30-31130CT', '2023-06-28 04:04:30.35', '2023-08-23 04:48:58.004', NULL, '{"MK2306286924":[{"id_instruksi":"230516e62c","hardness":["H230710d0b7"],"hardnessKategori":["2305154d26"],"material":["M230823ba7f"],"materialKategori":[""],"parameter":["P23071013b8","P230823550d","P2307104cba"],"parameterKategori":["23051582a8","230515a1f6","230516833e"]}]}', '{MK2306286924}', NULL);
INSERT INTO public.master_item VALUES ('MI230823869b', 'B.100', NULL, '2023-08-23 07:40:23.854', '2023-08-23 07:40:23.854', NULL, '{"MK230628d4f3":[{"id_instruksi":"230515d133","hardness":["H230822efa5"],"hardnessKategori":["HK230712824d"],"material":["M230809e316"],"materialKategori":[""],"parameter":["P23082255f0"],"parameterKategori":["PK230822399f"]}]}', '{MK230628d4f3}', 'MARABU');
INSERT INTO public.master_item VALUES ('MI230823f160', 'C.50', NULL, '2023-08-23 07:40:47.34', '2023-08-23 07:40:47.34', NULL, '{"MK230628d4f3":[{"id_instruksi":"230515d133","hardness":["H230822efa5"],"hardnessKategori":["HK230712824d"],"material":["M230809e316"],"materialKategori":[""],"parameter":["P23082255f0"],"parameterKategori":["PK230822399f"]}]}', '{MK230628d4f3}', 'MARABU');
INSERT INTO public.master_item VALUES ('MI2308231373', 'C.75', NULL, '2023-08-23 07:41:09.285', '2023-08-23 07:41:09.285', NULL, '{"MK230628d4f3":[{"id_instruksi":"230515d133","hardness":["H230822efa5"],"hardnessKategori":["HK230712824d"],"material":["M230809e316"],"materialKategori":[""],"parameter":["P23082255f0"],"parameterKategori":["PK230822399f"]}]}', '{MK230628d4f3}', 'MARABU');
INSERT INTO public.master_item VALUES ('MI23082395ca', 'C.100', NULL, '2023-08-23 07:41:35.503', '2023-08-23 07:41:35.503', NULL, '{"MK230628d4f3":[{"id_instruksi":"230515d133","hardness":["H230822efa5"],"hardnessKategori":["HK230712824d"],"material":["M230809e316"],"materialKategori":[""],"parameter":["P23082255f0"],"parameterKategori":["PK230822399f"]}]}', '{MK230628d4f3}', 'MARABU');
INSERT INTO public.master_item VALUES ('MI230823ee11', 'BV BT 4 X 12', NULL, '2023-08-23 08:23:11.23', '2023-08-23 08:23:11.23', NULL, '{"MK230628d4f3":[{"id_instruksi":"230515d133","hardness":["H230822efa5"],"hardnessKategori":["HK230712824d"],"material":["M230628ff9e"],"materialKategori":[""],"parameter":["P23082255f0"],"parameterKategori":["PK230822399f"]}]}', '{MK230628d4f3}', NULL);
INSERT INTO public.master_item VALUES ('MI2308236071', 'ST4*19PXAB-A-19-HM', NULL, '2023-08-23 14:22:45.601', '2023-08-23 14:23:12.179', NULL, '{"MK230628d4f3":[{"id_instruksi":"230515d133","hardness":["H230822efa5"],"hardnessKategori":["HK230712824d"],"material":["M230628ff9e"],"materialKategori":[""],"parameter":["P23082255f0"],"parameterKategori":["PK230822399f"]}]}', '{MK230628d4f3}', 'KINGSTEEL');
INSERT INTO public.master_item VALUES ('MI230823af08', 'ST3*10YXAB-A-10-HM', NULL, '2023-08-23 14:24:06.308', '2023-08-23 14:24:06.308', NULL, '{"MK230628d4f3":[{"id_instruksi":"230515d133","hardness":["H230822efa5"],"hardnessKategori":["HK230712824d"],"material":["M230628ff9e"],"materialKategori":[""],"parameter":["P23082255f0"],"parameterKategori":["PK230822399f"]}]}', '{MK230628d4f3}', 'KINGSTEEL');
INSERT INTO public.master_item VALUES ('MI230823a239', 'ST4*13PXAB-A-13-HM', NULL, '2023-08-23 14:25:01.403', '2023-08-23 14:25:01.403', NULL, '{"MK230628d4f3":[{"id_instruksi":"230515d133","hardness":["H230822efa5"],"hardnessKategori":["HK230712824d"],"material":["M230628ff9e"],"materialKategori":[""],"parameter":["P23082255f0"],"parameterKategori":["PK230822399f"]}]}', '{MK230628d4f3}', 'KINGSTEEL');
INSERT INTO public.master_item VALUES ('MI2308238fc4', 'ST4*75FXAB-A-75-HM', NULL, '2023-08-23 14:27:09.06', '2023-08-23 14:27:09.06', NULL, '{"MK230628d4f3":[{"id_instruksi":"230515d133","hardness":["H230822efa5"],"hardnessKategori":["HK230712824d"],"material":["M230628ff9e"],"materialKategori":[""],"parameter":["P23082255f0"],"parameterKategori":["PK230822399f"]}]}', '{MK230628d4f3}', 'KINGSTEEL');
INSERT INTO public.master_item VALUES ('MI23082306ef', 'ST4*10PXAB-A-10-HM', NULL, '2023-08-23 14:27:09.669', '2023-08-23 14:27:54.299', NULL, '{"MK230628d4f3":[{"id_instruksi":"230515d133","hardness":["H230822efa5"],"hardnessKategori":["HK230712824d"],"material":["M230628ff9e"],"materialKategori":[""],"parameter":["P23082255f0"],"parameterKategori":["PK230822399f"]}]}', '{MK230628d4f3}', 'KINGSTEEL');
INSERT INTO public.master_item VALUES ('MI230823928f', 'ST3.5*25FXAB-A-25-HM', NULL, '2023-08-23 14:28:48.088', '2023-08-23 14:28:48.088', NULL, '{"MK230628d4f3":[{"id_instruksi":"230515d133","hardness":["H230822efa5"],"hardnessKategori":["HK230712824d"],"material":["M230628ff9e"],"materialKategori":[""],"parameter":["P23082255f0"],"parameterKategori":["PK230822399f"]}]}', '{MK230628d4f3}', 'KINGSTEEL');
INSERT INTO public.master_item VALUES ('MI230824fc62', 'FLANGE, RR FLANETARY RING B640', '35762-B640A0', '2023-08-24 07:04:17.653', '2023-08-24 07:04:17.653', NULL, '{"MK230628d4f3":[{"id_instruksi":"230516e62c","hardness":["H230822efa5"],"hardnessKategori":["HK230712824d"],"material":["M230809e316"],"materialKategori":[""],"parameter":["P23082255f0"],"parameterKategori":["PK230822399f"]}]}', '{MK230628d4f3}', 'SGI');
INSERT INTO public.master_item VALUES ('MI230824012f', 'PH P-T 3 X 6', NULL, '2023-08-24 08:22:49.375', '2023-08-24 08:22:49.375', NULL, '{"MK230628d4f3":[{"id_instruksi":"230515d133","hardness":["H230822efa5"],"hardnessKategori":["HK230712824d"],"material":["M230628ff9e"],"materialKategori":[""],"parameter":["P23082255f0"],"parameterKategori":["PK230822399f"]}]}', '{MK230628d4f3}', NULL);
INSERT INTO public.master_item VALUES ('MI2308258068', '43-53631-05', 'BALL STUD', '2023-08-25 07:25:56.855', '2023-08-25 07:25:56.855', NULL, '{"MK230628d4f3":[{"id_instruksi":"230516e62c","hardness":["H230822efa5"],"hardnessKategori":["HK230712824d"],"material":["M230809e316"],"materialKategori":[""],"parameter":["P23082255f0"],"parameterKategori":["PK230822399f"]}]}', '{MK230628d4f3}', 'SGI 2');
INSERT INTO public.master_item VALUES ('MI2308254709', '43-73132-00', 'BALL STUD', '2023-08-25 07:25:04.55', '2023-08-25 07:26:06.979', NULL, '{"MK230628d4f3":[{"id_instruksi":"230516e62c","hardness":["H230822efa5"],"hardnessKategori":["HK230712824d"],"material":["M230809e316"],"materialKategori":[""],"parameter":["P23082255f0"],"parameterKategori":["PK230822399f"]}]}', '{MK230628d4f3}', 'SGI 2');
INSERT INTO public.master_item VALUES ('MI2308253ff7', 'CRANK SHAFT KZR-L SB', '13321-KZRA-6000-AA', '2023-08-25 08:36:48.844', '2023-08-25 08:36:48.844', NULL, '{"MK230628d4f3":[{"id_instruksi":"IK230822d271","hardness":["H230822efa5"],"hardnessKategori":["HK230712824d"],"material":["M230809e316"],"materialKategori":[""],"parameter":["P23082255f0"],"parameterKategori":["PK230822399f"]}]}', '{MK230628d4f3}', NULL);
INSERT INTO public.master_item VALUES ('MI2308258141', 'BH ST 2 X 5', NULL, '2023-08-25 08:59:22.898', '2023-08-25 08:59:22.898', NULL, '{"MK230628d4f3":[{"id_instruksi":"230515d133","hardness":["H230822efa5"],"hardnessKategori":["HK230712824d"],"material":["M230628ff9e"],"materialKategori":[""],"parameter":["P23082255f0"],"parameterKategori":["PK230822399f"]}]}', '{MK230628d4f3}', 'SPM');
INSERT INTO public.master_item VALUES ('MI230825d80f', 'PH BT-R 2 X 6', NULL, '2023-08-25 08:59:53.04', '2023-08-25 08:59:53.04', NULL, '{"MK230628d4f3":[{"id_instruksi":"230515d133","hardness":["H230822efa5"],"hardnessKategori":["HK230712824d"],"material":["M230628ff9e"],"materialKategori":[""],"parameter":["P23082255f0"],"parameterKategori":["PK230822399f"]}]}', '{MK230628d4f3}', 'SPM');
INSERT INTO public.master_item VALUES ('MI230825d799', '90387-12863-00', 'COLLAR', '2023-08-25 09:17:52.434', '2023-08-25 09:17:52.434', NULL, '{"MK2307030201":[{"id_instruksi":"23051576e4","hardness":["H230822efa5"],"hardnessKategori":["HK230712824d"],"material":["M230809e316"],"materialKategori":[""],"parameter":["P23082255f0"],"parameterKategori":["PK230822399f"]}]}', '{MK2307030201}', NULL);
INSERT INTO public.master_item VALUES ('MI2308253bbe', '90387-13008-00', 'COLLAR', '2023-08-25 09:18:29.131', '2023-08-25 09:18:29.131', NULL, '{"MK2307030201":[{"id_instruksi":"23051576e4","hardness":["H230822efa5"],"hardnessKategori":["HK230712824d"],"material":["M230809e316"],"materialKategori":[""],"parameter":["P23082255f0"],"parameterKategori":["PK230822399f"]}]}', '{MK2307030201}', NULL);
INSERT INTO public.master_item VALUES ('MI2308258b7b', '1WD-F2184-00', 'BUSH', '2023-08-25 09:18:55.017', '2023-08-25 09:18:55.017', NULL, '{"MK2307030201":[{"id_instruksi":"23051576e4","hardness":["H230822efa5"],"hardnessKategori":["HK230712824d"],"material":["M230809e316"],"materialKategori":[""],"parameter":["P23082255f0"],"parameterKategori":["PK230822399f"]}]}', '{MK2307030201}', NULL);
INSERT INTO public.master_item VALUES ('MI230825aa7a', '2PK-F2184-00', 'BUSH', '2023-08-25 09:19:23.797', '2023-08-25 09:19:23.797', NULL, '{"MK2307030201":[{"id_instruksi":"23051576e4","hardness":["H230822efa5"],"hardnessKategori":["HK230712824d"],"material":["M230809e316"],"materialKategori":[""],"parameter":["P23082255f0"],"parameterKategori":["PK230822399f"]}]}', '{MK2307030201}', NULL);
INSERT INTO public.master_item VALUES ('MI2308258921', '1T158-24251', 'SHAFT IDLE GEAR', '2023-08-25 09:19:51.184', '2023-08-25 09:19:51.184', NULL, '{"MK2307030201":[{"id_instruksi":"23051576e4","hardness":["H230822efa5"],"hardnessKategori":["HK230712824d"],"material":["M230809e316"],"materialKategori":[""],"parameter":["P23082255f0"],"parameterKategori":["PK230822399f"]}]}', '{MK2307030201}', NULL);
INSERT INTO public.master_item VALUES ('MI230825a77e', '1WD-E3324', 'GEAR DRIVE', '2023-08-25 09:43:47.475', '2023-08-25 09:44:02.929', NULL, '{"230521603b":[{"id_instruksi":"IK2308189c6d","hardness":["H230822efa5"],"hardnessKategori":["HK230712824d"],"material":["M230809e316"],"materialKategori":[""],"parameter":["P23082255f0"],"parameterKategori":["PK230822399f"]},{"id_instruksi":"IK2308236b88","hardness":["H230822efa5"],"hardnessKategori":["HK230712824d"],"material":["M230809e316"],"materialKategori":[""],"parameter":["P23082255f0"],"parameterKategori":["PK230822399f"]}]}', '{230521603b}', NULL);
INSERT INTO public.master_item VALUES ('MI230825683d', '2DP-E7663-00', 'BOSS SECONDARY FIXED', '2023-08-25 09:25:10.396', '2023-08-25 09:30:07.056', NULL, '{"MK2306286924":[{"id_instruksi":"230516e62c","hardness":["H230822efa5"],"hardnessKategori":["HK230712824d"],"material":["M230809e316"],"materialKategori":[""],"parameter":["P23082255f0"],"parameterKategori":["PK230822399f"]},{"id_instruksi":"IK2308236b88","hardness":["H230822efa5"],"hardnessKategori":["HK230712824d"],"material":["M230809e316"],"materialKategori":[""],"parameter":["P23082255f0"],"parameterKategori":["PK230822399f"]}],"MK230628d4f3":[{"id_instruksi":"230516e62c","hardness":["H230822efa5"],"hardnessKategori":["HK230712824d"],"material":["M230809e316"],"materialKategori":[""],"parameter":["P23082255f0"],"parameterKategori":["PK230822399f"]},{"id_instruksi":"IK2308236b88","hardness":["H230822efa5"],"hardnessKategori":["HK230712824d"],"material":["M230809e316"],"materialKategori":[""],"parameter":["P23082255f0"],"parameterKategori":["PK230822399f"]}]}', '{MK230628d4f3}', NULL);
INSERT INTO public.master_item VALUES ('MI2308259eaa', '2SX-E7673-00', 'BOSS', '2023-08-25 09:21:30.78', '2023-08-25 09:30:39.128', NULL, '{"MK2306286924":[{"id_instruksi":"230516e62c","hardness":["H230822efa5"],"hardnessKategori":["HK230712824d"],"material":["M230809e316"],"materialKategori":[""],"parameter":["P23082255f0"],"parameterKategori":["PK230822399f"]},{"id_instruksi":"IK2308236b88","hardness":["H230822efa5"],"hardnessKategori":["HK230712824d"],"material":["M230809e316"],"materialKategori":[""],"parameter":["P23082255f0"],"parameterKategori":["PK230822399f"]}],"MK230628d4f3":[{"id_instruksi":"230516e62c","hardness":["H230822efa5"],"hardnessKategori":["HK230712824d"],"material":["M230809e316"],"materialKategori":[""],"parameter":["P23082255f0"],"parameterKategori":["PK230822399f"]},{"id_instruksi":"IK2308236b88","hardness":["H230822efa5"],"hardnessKategori":["HK230712824d"],"material":["M230809e316"],"materialKategori":[""],"parameter":["P23082255f0"],"parameterKategori":["PK230822399f"]}]}', '{MK230628d4f3}', NULL);
INSERT INTO public.master_item VALUES ('MI230825add7', '22107-K16A-9000', 'BOSS CLUCTH ', '2023-08-25 09:37:51.402', '2023-08-25 09:37:51.402', NULL, '{"MK230628d4f3":[{"id_instruksi":"230516e62c","hardness":["H230822efa5"],"hardnessKategori":["HK230712824d"],"material":["M230809e316"],"materialKategori":[""],"parameter":["P23082255f0"],"parameterKategori":["PK230822399f"]},{"id_instruksi":"IK230825fd03","hardness":["H230822efa5"],"hardnessKategori":["HK230712824d"],"material":["M230809e316"],"materialKategori":[""],"parameter":["P23082255f0"],"parameterKategori":["PK230822399f"]}]}', '{MK230628d4f3}', NULL);
INSERT INTO public.master_item VALUES ('MI230825414f', '3C1-E14-96-00', 'BOSS BUFFER', '2023-08-25 09:41:40.616', '2023-08-25 09:41:40.616', NULL, '{"230521603b":[{"id_instruksi":"IK2308189c6d","hardness":["H230822efa5"],"hardnessKategori":["HK230712824d"],"material":["M230809e316"],"materialKategori":[""],"parameter":["P23082255f0"],"parameterKategori":["PK230822399f"]},{"id_instruksi":"IK2308236b88","hardness":["H230822efa5"],"hardnessKategori":["HK230712824d"],"material":["M230809e316"],"materialKategori":[""],"parameter":["P23082255f0"],"parameterKategori":["PK230822399f"]}]}', '{230521603b}', NULL);
INSERT INTO public.master_item VALUES ('MI2308253558', '45P-E1496-00', 'BOSS BUFFER', '2023-08-25 09:42:31.527', '2023-08-25 09:42:42.824', NULL, '{"230521603b":[{"id_instruksi":"IK2308189c6d","hardness":["H230822efa5"],"hardnessKategori":["HK230712824d"],"material":["M230809e316"],"materialKategori":[""],"parameter":["P23082255f0"],"parameterKategori":["PK230822399f"]},{"id_instruksi":"IK2308236b88","hardness":["H230822efa5"],"hardnessKategori":["HK230712824d"],"material":["M230809e316"],"materialKategori":[""],"parameter":["P23082255f0"],"parameterKategori":["PK230822399f"]}]}', '{230521603b}', NULL);
INSERT INTO public.master_item VALUES ('MI2308256c3b', '1WD-E1496-00', 'BOSS BUFFER', '2023-08-25 09:43:21.485', '2023-08-25 09:43:21.485', NULL, '{"230521603b":[{"id_instruksi":"IK2308189c6d","hardness":["H230822efa5"],"hardnessKategori":["HK230712824d"],"material":["M230809e316"],"materialKategori":[""],"parameter":["P23082255f0"],"parameterKategori":["PK230822399f"]},{"id_instruksi":"IK2308236b88","hardness":["H230822efa5"],"hardnessKategori":["HK230712824d"],"material":["M230809e316"],"materialKategori":[""],"parameter":["P23082255f0"],"parameterKategori":["PK230822399f"]}]}', '{230521603b}', NULL);
INSERT INTO public.master_item VALUES ('MI230825a89e', '1ST E1496-00', 'BOSS BUFFER', '2023-08-25 09:44:49.183', '2023-08-25 09:44:49.183', NULL, '{"230521603b":[{"id_instruksi":"IK2308189c6d","hardness":["H230822efa5"],"hardnessKategori":["HK230712824d"],"material":["M230809e316"],"materialKategori":[""],"parameter":["P23082255f0"],"parameterKategori":["PK230822399f"]},{"id_instruksi":"IK2308236b88","hardness":["H230822efa5"],"hardnessKategori":["HK230712824d"],"material":["M230809e316"],"materialKategori":[""],"parameter":["P23082255f0"],"parameterKategori":["PK230822399f"]}]}', '{230521603b}', NULL);
INSERT INTO public.master_item VALUES ('MI23082565a7', '23212-KWN-6400', 'BOSS DRIVEN FACE', '2023-08-25 09:45:27.467', '2023-08-25 09:45:27.467', NULL, '{"230521603b":[{"id_instruksi":"IK2308189c6d","hardness":["H230822efa5"],"hardnessKategori":["HK230712824d"],"material":["M230809e316"],"materialKategori":[""],"parameter":["P23082255f0"],"parameterKategori":["PK230822399f"]},{"id_instruksi":"IK2308236b88","hardness":["H230822efa5"],"hardnessKategori":["HK230712824d"],"material":["M230809e316"],"materialKategori":[""],"parameter":["P23082255f0"],"parameterKategori":["PK230822399f"]}]}', '{230521603b}', NULL);
INSERT INTO public.master_item VALUES ('MI2308253913', '382-3030-200 RM ', 'S.BOSS SLD', '2023-08-25 09:46:03.996', '2023-08-25 09:46:03.996', NULL, '{"MK230628d4f3":[{"id_instruksi":"230516e62c","hardness":["H230822efa5"],"hardnessKategori":["HK230712824d"],"material":["M230809e316"],"materialKategori":[""],"parameter":["P23082255f0"],"parameterKategori":["PK230822399f"]}]}', '{MK230628d4f3}', NULL);
INSERT INTO public.master_item VALUES ('MI230825da1f', 'A.261-179-2F', 'SOCKET ', '2023-08-25 09:46:42.735', '2023-08-25 09:46:42.735', NULL, '{"MK230628d4f3":[{"id_instruksi":"230516e62c","hardness":["H230822efa5"],"hardnessKategori":["HK230712824d"],"material":["M230809e316"],"materialKategori":[""],"parameter":["P23082255f0"],"parameterKategori":["PK230822399f"]}]}', '{MK230628d4f3}', NULL);
INSERT INTO public.master_item VALUES ('MI2308253e4b', 'A.261-181-2F', 'SOCKET', '2023-08-25 09:47:13.216', '2023-08-25 09:47:13.216', NULL, '{"MK230628d4f3":[{"id_instruksi":"230516e62c","hardness":["H230822efa5"],"hardnessKategori":["HK230712824d"],"material":["M230809e316"],"materialKategori":[""],"parameter":["P23082255f0"],"parameterKategori":["PK230822399f"]}]}', '{MK230628d4f3}', NULL);
INSERT INTO public.master_item VALUES ('MI2308259d21', '27811-77M10 QT', 'SHAFT DRIVE INTERMEDIATE', '2023-08-25 09:52:21.101', '2023-08-25 09:52:21.101', NULL, '{"MK2306286924":[{"id_instruksi":"230516e62c","hardness":["H230822efa5"],"hardnessKategori":["HK230712824d"],"material":["M230809e316"],"materialKategori":[""],"parameter":["P23082255f0"],"parameterKategori":["PK230822399f"]}]}', '{MK2306286924}', NULL);
INSERT INTO public.master_item VALUES ('MI23082552e7', '27811-77M02 QT', 'SHAFT DRIVE INTERMEDIATE', '2023-08-25 09:52:51.805', '2023-08-25 09:52:51.805', NULL, '{"MK2306286924":[{"id_instruksi":"230516e62c","hardness":["H230822efa5"],"hardnessKategori":["HK230712824d"],"material":["M230809e316"],"materialKategori":[""],"parameter":["P23082255f0"],"parameterKategori":["PK230822399f"]}]}', '{MK2306286924}', NULL);
INSERT INTO public.master_item VALUES ('MI2308252eb1', '27811-77M10 IQT', 'SHAFT DRIVE INTERMEDIATE', '2023-08-25 09:54:03.951', '2023-08-25 09:54:03.951', NULL, '{"MK2307030201":[{"id_instruksi":"23051576e4","hardness":["H230822efa5"],"hardnessKategori":["HK230712824d"],"material":["M230809e316"],"materialKategori":[""],"parameter":["P23082255f0"],"parameterKategori":["PK230822399f"]}]}', '{MK2307030201}', NULL);
INSERT INTO public.master_item VALUES ('MI23082547da', '27811-77M02 IQT', 'SHAFT DRIVE INTERMEDIATE', '2023-08-25 09:54:28.308', '2023-08-25 09:54:36.857', NULL, '{"MK2307030201":[{"id_instruksi":"23051576e4","hardness":["H230822efa5"],"hardnessKategori":["HK230712824d"],"material":["M230809e316"],"materialKategori":[""],"parameter":["P23082255f0"],"parameterKategori":["PK230822399f"]}]}', '{MK2307030201}', NULL);
INSERT INTO public.master_item VALUES ('MI230825a558', '27351-77M00', 'SHAFT DIFF SIDE PINION', '2023-08-25 09:55:00.317', '2023-08-25 09:55:00.317', NULL, '{"MK2307030201":[{"id_instruksi":"23051576e4","hardness":["H230822efa5"],"hardnessKategori":["HK230712824d"],"material":["M230809e316"],"materialKategori":[""],"parameter":["P23082255f0"],"parameterKategori":["PK230822399f"]}]}', '{MK2307030201}', NULL);
INSERT INTO public.master_item VALUES ('MI230825a2a2', '27351-67LA0', 'SHAFT DIFF SIDE PINION', '2023-08-25 09:55:44.25', '2023-08-25 09:55:44.25', NULL, '{"MK2307030201":[{"id_instruksi":"23051576e4","hardness":["H230822efa5"],"hardnessKategori":["HK230712824d"],"material":["M230809e316"],"materialKategori":[""],"parameter":["P23082255f0"],"parameterKategori":["PK230822399f"]}]}', '{MK2307030201}', NULL);
INSERT INTO public.master_item VALUES ('MI230825721e', '27811-79PA0', 'SHAFT DRIVE INTERMEDIATE', '2023-08-25 09:56:10.896', '2023-08-25 09:56:10.896', NULL, '{"MK2307030201":[{"id_instruksi":"23051576e4","hardness":["H230822efa5"],"hardnessKategori":["HK230712824d"],"material":["M230809e316"],"materialKategori":[""],"parameter":["P23082255f0"],"parameterKategori":["PK230822399f"]}]}', '{MK2307030201}', NULL);
INSERT INTO public.master_item VALUES ('MI230825b2ec', 'TAPPET 1T118-1555', '-', '2023-08-25 10:02:27.852', '2023-08-25 10:02:27.852', NULL, '{"MK2306286924":[{"id_instruksi":"230515d133","hardness":["H230822efa5"],"hardnessKategori":["HK230712824d"],"material":["M230809e316"],"materialKategori":[""],"parameter":["P23082255f0"],"parameterKategori":["PK230822399f"]}]}', '{MK2306286924}', NULL);
INSERT INTO public.master_item VALUES ('MI230825ea44', 'TAPPET 158-1555', '-', '2023-08-25 10:02:56.409', '2023-08-25 10:02:56.409', NULL, '{"MK2306286924":[{"id_instruksi":"230515d133","hardness":["H230822efa5"],"hardnessKategori":["HK230712824d"],"material":["M230809e316"],"materialKategori":[""],"parameter":["P23082255f0"],"parameterKategori":["PK230822399f"]}]}', '{MK2306286924}', NULL);
INSERT INTO public.master_item VALUES ('MI230825fa6e', 'TAPPET 1T197-1555', '-', '2023-08-25 10:03:19.681', '2023-08-25 10:03:19.681', NULL, '{"MK2306286924":[{"id_instruksi":"230515d133","hardness":["H230822efa5"],"hardnessKategori":["HK230712824d"],"material":["M230809e316"],"materialKategori":[""],"parameter":["P23082255f0"],"parameterKategori":["PK230822399f"]}]}', '{MK2306286924}', NULL);
INSERT INTO public.master_item VALUES ('MI230825e94b', 'COLLAR C CUSH ARM', '-', '2023-08-25 10:03:45.398', '2023-08-25 10:03:45.398', NULL, '{"MK2306286924":[{"id_instruksi":"230515d133","hardness":["H230822efa5"],"hardnessKategori":["HK230712824d"],"material":["M230809e316"],"materialKategori":[""],"parameter":["P23082255f0"],"parameterKategori":["PK230822399f"]}]}', '{MK2306286924}', NULL);
INSERT INTO public.master_item VALUES ('MI230825ea5f', 'COLLAR B CUSH ARM ', '-', '2023-08-25 10:04:07.102', '2023-08-25 10:04:07.102', NULL, '{"MK2306286924":[{"id_instruksi":"230515d133","hardness":["H230822efa5"],"hardnessKategori":["HK230712824d"],"material":["M230809e316"],"materialKategori":[""],"parameter":["P23082255f0"],"parameterKategori":["PK230822399f"]}]}', '{MK2306286924}', NULL);
INSERT INTO public.master_item VALUES ('MI2308252b52', 'COLLAR CENTER DIST ', '-', '2023-08-25 10:04:44.703', '2023-08-25 10:04:44.703', NULL, '{"MK2306286924":[{"id_instruksi":"230515d133","hardness":["H230822efa5"],"hardnessKategori":["HK230712824d"],"material":["M230809e316"],"materialKategori":[""],"parameter":["P23082255f0"],"parameterKategori":["PK230822399f"]}]}', '{MK2306286924}', NULL);
INSERT INTO public.master_item VALUES ('MI230825c451', 'COLLAR CUSH CONN ROD', '-', '2023-08-25 10:05:08.028', '2023-08-25 10:05:08.028', NULL, '{"MK2306286924":[{"id_instruksi":"230515d133","hardness":["H230822efa5"],"hardnessKategori":["HK230712824d"],"material":["M230809e316"],"materialKategori":[""],"parameter":["P23082255f0"],"parameterKategori":["PK230822399f"]}]}', '{MK2306286924}', NULL);
INSERT INTO public.master_item VALUES ('MI2308250a8c', 'COLLAR CENTER DIST LHD', '-', '2023-08-25 10:05:29.826', '2023-08-25 10:05:29.826', NULL, '{"MK2306286924":[{"id_instruksi":"230515d133","hardness":["H230822efa5"],"hardnessKategori":["HK230712824d"],"material":["M230809e316"],"materialKategori":[""],"parameter":["P23082255f0"],"parameterKategori":["PK230822399f"]}]}', '{MK2306286924}', NULL);
INSERT INTO public.master_item VALUES ('MI2308251f9a', 'COLLAR GUIDE 2DP-E7674-00', '-', '2023-08-25 10:05:53.843', '2023-08-25 10:05:53.843', NULL, '{"MK2307030201":[{"id_instruksi":"23051576e4","hardness":["H230822efa5"],"hardnessKategori":["HK230712824d"],"material":["M230809e316"],"materialKategori":[""],"parameter":["P23082255f0"],"parameterKategori":["PK230822399f"]}]}', '{MK2307030201}', NULL);
INSERT INTO public.master_item VALUES ('MI2308257bf6', 'COLLAR GUIDE B6H-E7674-00', '-', '2023-08-25 10:06:17.935', '2023-08-28 03:35:10.275', NULL, '{"MK2306286924":[{"id_instruksi":"230515d133","hardness":["H230822efa5"],"hardnessKategori":["HK230712824d"],"material":["M230809e316"],"materialKategori":[""],"parameter":["P23082255f0"],"parameterKategori":["PK230822399f"]}],"MK2307030201":[{"id_instruksi":"23051576e4","hardness":["H2307054045"],"hardnessKategori":["2305154d26"],"material":["M230628eaa2"],"materialKategori":[""],"parameter":["P2307030639","P230705c135"],"parameterKategori":["PK2307031ce8","230515a1f6"]}]}', '{MK2307030201}', NULL);
INSERT INTO public.master_item VALUES ('MI2308283c86', 'CRANK SHAFT KOJA-R JA', '13311-KOJ-N000-AA', '2023-08-28 08:19:57.545', '2023-08-28 08:19:57.545', NULL, '{"MK230628d4f3":[{"id_instruksi":"IK230822d271","hardness":["H230822efa5"],"hardnessKategori":["HK230712824d"],"material":["M230809e316"],"materialKategori":[""],"parameter":["P23082255f0"],"parameterKategori":["PK230822399f"]}]}', '{MK230628d4f3}', 'SGI');
INSERT INTO public.master_item VALUES ('MI230825bf55', 'WIP BOSS DRIVE  KOR', '22105-K0R-V000', '2023-08-25 10:06:45.493', '2023-08-28 03:41:13.876', NULL, '{"MK2306286924":[{"id_instruksi":"230515d133","hardness":["H230822efa5"],"hardnessKategori":["HK230712824d"],"material":["M230809e316"],"materialKategori":[""],"parameter":["P23082255f0"],"parameterKategori":["PK230822399f"]}],"MK2307030201":[{"id_instruksi":"23051576e4","hardness":["H2307054045","H230705aad7","H23082896fd"],"hardnessKategori":["2305154d26","2305158842","230515bd6b"],"material":["M230628eaa2"],"materialKategori":[""],"parameter":["P2307030639","P230705c135"],"parameterKategori":["PK2307031ce8","230515a1f6"]}]}', '{MK2307030201}', NULL);
INSERT INTO public.master_item VALUES ('MI2308253f9a', 'WIP BOSS DRIVE KIN', '22105-K1N-V000', '2023-08-25 10:08:18.234', '2023-08-28 03:45:35.481', NULL, '{"MK2307030201":[{"id_instruksi":"23051576e4","hardness":["H2307054045","H230705aad7","H2308280692"],"hardnessKategori":["2305154d26","2305158842","230515bd6b"],"material":["M230628eaa2"],"materialKategori":[""],"parameter":["P2307030639","P230705c135"],"parameterKategori":["PK2307031ce8","230515a1f6"]}]}', '{MK2307030201}', NULL);
INSERT INTO public.master_item VALUES ('MI2308288791', 'BV BT 4 X 10', NULL, '2023-08-28 08:32:05.659', '2023-08-28 08:32:05.659', NULL, '{"MK230628d4f3":[{"id_instruksi":"230515d133","hardness":["H230822efa5"],"hardnessKategori":["HK230712824d"],"material":["M230628ff9e"],"materialKategori":[""],"parameter":["P23082255f0"],"parameterKategori":["PK230822399f"]}]}', '{MK230628d4f3}', NULL);
INSERT INTO public.master_item VALUES ('MI2308286ca2', 'PL BT 2 X 6', NULL, '2023-08-28 09:03:19.806', '2023-08-28 09:03:19.806', NULL, '{"MK230628d4f3":[{"id_instruksi":"230515d133","hardness":["H230822efa5"],"hardnessKategori":["HK230712824d"],"material":["M230628ff9e"],"materialKategori":[""],"parameter":["P23082255f0"],"parameterKategori":["PK230822399f"]}]}', '{MK230628d4f3}', NULL);
INSERT INTO public.master_item VALUES ('MI230829b6fd', 'BODY FO LIMMITER', NULL, '2023-08-29 04:15:47.349', '2023-08-29 04:15:47.349', NULL, '{"MK2306286924":[{"id_instruksi":"230516e62c","hardness":["H23082921b0"],"hardnessKategori":["2305158842"],"material":["M230628eaa2"],"materialKategori":[""],"parameter":["P23082255f0"],"parameterKategori":["PK230822399f"]}]}', '{MK2306286924}', 'CV. DWI FAJAR');
INSERT INTO public.master_item VALUES ('MI23082969b8', 'PWH PT 4 X 10', NULL, '2023-08-29 06:30:07.827', '2023-08-29 06:30:07.827', NULL, '{"MK230628d4f3":[{"id_instruksi":"230515d133","hardness":["H230822efa5"],"hardnessKategori":["HK230712824d"],"material":["M230628ff9e"],"materialKategori":[""],"parameter":["P23082255f0"],"parameterKategori":["PK230822399f"]}]}', '{MK230628d4f3}', 'EMI');
INSERT INTO public.master_item VALUES ('MI230829fe57', 'TH TS-I 4 X 20', NULL, '2023-08-29 06:30:32.603', '2023-08-29 06:30:32.603', NULL, '{"MK230628d4f3":[{"id_instruksi":"230515d133","hardness":["H230822efa5"],"hardnessKategori":["HK230712824d"],"material":["M230628ff9e"],"materialKategori":[""],"parameter":["P23082255f0"],"parameterKategori":["PK230822399f"]}]}', '{MK230628d4f3}', 'EMI');
INSERT INTO public.master_item VALUES ('MI230829b4c4', 'BV BT 3 X 6', NULL, '2023-08-29 06:31:16.086', '2023-08-29 06:31:16.086', NULL, '{"MK230628d4f3":[{"id_instruksi":"230515d133","hardness":["H230822efa5"],"hardnessKategori":["HK230712824d"],"material":["M230628ff9e"],"materialKategori":[""],"parameter":["P23082255f0"],"parameterKategori":["PK230822399f"]}]}', '{MK230628d4f3}', 'EMI');
INSERT INTO public.master_item VALUES ('MI2308308a54', 'HEX ST-C 4.8 X 16', NULL, '2023-08-30 08:49:04.911', '2023-08-30 08:49:04.911', NULL, '{"MK230628d4f3":[{"id_instruksi":"230515d133","hardness":["H230822efa5"],"hardnessKategori":["HK230712824d"],"material":["2305152336"],"materialKategori":[""],"parameter":["P23082255f0"],"parameterKategori":["PK230822399f"]}]}', '{MK230628d4f3}', 'SPM');
INSERT INTO public.master_item VALUES ('MI2309058dbe', 'ST5*19PXAB-A-19-HM', NULL, '2023-09-05 01:32:09.362', '2023-09-05 01:32:09.362', NULL, '{"MK230628d4f3":[{"id_instruksi":"230515d133","hardness":["H230822efa5"],"hardnessKategori":["HK230712824d"],"material":["M230628ff9e"],"materialKategori":[""],"parameter":["P23082255f0"],"parameterKategori":["PK230822399f"]}]}', '{MK230628d4f3}', 'KING STEEL');
INSERT INTO public.master_item VALUES ('MI230718b770', 'HUB DUMPER', '311423-30200', '2023-07-18 04:46:34.424', '2023-09-04 04:39:58.896', NULL, '{"MK230628d4f3":[{"id_instruksi":"230516e62c","hardness":["H2307189343","H2307189909"],"hardnessKategori":["2305154d26","2305158842"],"material":["M230718a973"],"materialKategori":[""],"parameter":["P230718567c","P2307183ec9","P2307182e13"],"parameterKategori":["23051582a8","230515a1f6","230516833e"]}]}', '{MK230628d4f3}', 'PARKER');
INSERT INTO public.master_item VALUES ('MI230901944c', 'ROD, CONNECTING MTRL YI-020', NULL, '2023-09-01 08:43:14.935', '2023-09-01 08:53:20.651', NULL, '{"MK230628d4f3":[{"id_instruksi":"230516e62c","hardness":["H2309016e8f"],"hardnessKategori":["2305154d26"],"material":["M2308319ec9"],"materialKategori":[""],"parameter":["P23090147cc","P230901093b","P230901abfb"],"parameterKategori":["23051582a8","230515a1f6","230516833e"]}]}', '{MK230628d4f3}', 'RKN');
INSERT INTO public.master_item VALUES ('MI230901a029', 'PULLEY BRIO', '11-01964-A00-B', '2023-09-01 09:18:37.982', '2023-09-01 09:18:37.982', NULL, '{"MK2307030201":[{"id_instruksi":"23051576e4","hardness":["H230822efa5"],"hardnessKategori":["HK230712824d"],"material":["M230809e316"],"materialKategori":[""],"parameter":["P23082255f0"],"parameterKategori":["PK230822399f"]}]}', '{MK2307030201}', 'FUKOKU');
INSERT INTO public.master_item VALUES ('MI2309019276', 'SHAF IDLE GEAR 70/105', '70/105', '2023-09-01 08:07:50.549', '2023-09-01 08:07:50.549', NULL, '{"MK2307030201":[{"id_instruksi":"23051576e4","hardness":["H230822efa5"],"hardnessKategori":["HK230712824d"],"material":["M230809e316"],"materialKategori":[""],"parameter":["P23082255f0"],"parameterKategori":["PK230822399f"]}]}', '{MK2307030201}', 'PRESISI');
INSERT INTO public.master_item VALUES ('MI23090180f2', 'SHAFT IDLE GEAR 75/155', '75/155', '2023-09-01 08:10:45.268', '2023-09-01 08:10:45.268', NULL, '{"MK2307030201":[{"id_instruksi":"23051576e4","hardness":["H230822efa5"],"hardnessKategori":["HK230712824d"],"material":["M230809e316"],"materialKategori":[""],"parameter":["P23082255f0"],"parameterKategori":["PK230822399f"]}]}', '{MK2307030201}', 'PRESISI');
INSERT INTO public.master_item VALUES ('MI2309015a6c', 'SHAFT LEVER 55/65', '55/65', '2023-09-01 08:11:59.205', '2023-09-01 08:11:59.205', NULL, '{"MK2307030201":[{"id_instruksi":"23051576e4","hardness":["H230822efa5"],"hardnessKategori":["HK230712824d"],"material":["M230809e316"],"materialKategori":[""],"parameter":["P23082255f0"],"parameterKategori":["PK230822399f"]}]}', '{MK2307030201}', 'PRESISI');
INSERT INTO public.master_item VALUES ('MI230901e794', 'SHAFT LEVER 75/155', '75/155', '2023-09-01 08:12:48.15', '2023-09-01 08:12:48.15', NULL, '{"MK2307030201":[{"id_instruksi":"23051576e4","hardness":["H230822efa5"],"hardnessKategori":["HK230712824d"],"material":["M230809e316"],"materialKategori":[""],"parameter":["P23082255f0"],"parameterKategori":["PK230822399f"]}]}', '{MK2307030201}', 'PRESISI');
INSERT INTO public.master_item VALUES ('MI2309010e5a', 'PWH P-T 3 X 8', NULL, '2023-09-01 08:32:48.609', '2023-09-01 08:32:48.609', NULL, '{"MK230628d4f3":[{"id_instruksi":"230515d133","hardness":["H230822efa5"],"hardnessKategori":["HK230712824d"],"material":["M230628ff9e"],"materialKategori":[""],"parameter":["P23082255f0"],"parameterKategori":["PK230822399f"]}]}', '{MK230628d4f3}', 'SPM');
INSERT INTO public.master_item VALUES ('MI230901277c', 'CRANK SHAFT KYZ-R JA', '13311-KYZA-9020-AA', '2023-09-01 09:49:54.42', '2023-09-01 09:52:35.524', NULL, '{"MK230628d4f3":[{"id_instruksi":"IK230822d271","hardness":["H2309010954"],"hardnessKategori":["2305154d26"],"material":["M230901657a"],"materialKategori":[""],"parameter":["P23080987c9"],"parameterKategori":["230515a1f6"]}]}', '{MK230628d4f3}', 'SGI');
INSERT INTO public.master_item VALUES ('MI230904db48', 'FT STEPP-T 3X22', NULL, '2023-09-04 08:58:44.279', '2023-09-04 08:58:44.279', NULL, '{"MK230628d4f3":[{"id_instruksi":"230515d133","hardness":["H230822efa5"],"hardnessKategori":["HK230712824d"],"material":["M230628ff9e"],"materialKategori":[""],"parameter":["P23082255f0"],"parameterKategori":["PK230822399f"]}]}', '{MK230628d4f3}', 'SPM');
INSERT INTO public.master_item VALUES ('MI230904d09b', 'TSBP 4 X 14 CF', 'CF', '2023-09-04 03:37:35.981', '2023-09-04 03:39:54.285', NULL, '{"MK230628d4f3":[{"id_instruksi":"230515d133","hardness":["H23062838db","H2306288308"],"hardnessKategori":["2305154d26","230515bd6b"],"material":["M230628ff9e"],"materialKategori":[""],"parameter":["P230628118e","P230628636c","P230628a54d"],"parameterKategori":["PK2306287e2a","230515a1f6","230516833e"]}]}', '{MK230628d4f3}', 'RICAR');
INSERT INTO public.master_item VALUES ('MI230905c396', 'ST4*32FXAB-A-32-HM', '', '2023-09-05 01:31:01.154', '2023-09-05 01:31:01.154', NULL, '{"MK230628d4f3":[{"id_instruksi":"230515d133","hardness":["H230822efa5"],"hardnessKategori":["HK230712824d"],"material":["M230628ff9e"],"materialKategori":[""],"parameter":["P23082255f0"],"parameterKategori":["PK230822399f"]}]}', '{MK230628d4f3}', 'KING STEEL');
INSERT INTO public.master_item VALUES ('MI23090536db', 'ST4*64FXAB-A-64-HM', NULL, '2023-09-05 01:33:19.724', '2023-09-05 01:33:19.724', NULL, '{"MK230628d4f3":[{"id_instruksi":"230515d133","hardness":["H230822efa5"],"hardnessKategori":["HK230712824d"],"material":["M230628ff9e"],"materialKategori":[""],"parameter":["P23082255f0"],"parameterKategori":["PK230822399f"]}]}', '{MK230628d4f3}', 'KING STEEL');
INSERT INTO public.master_item VALUES ('MI230905cf7e', 'ST3.5*13PXAB-A-13-HM', NULL, '2023-09-05 01:34:38.574', '2023-09-05 01:34:38.574', NULL, '{"MK230628d4f3":[{"id_instruksi":"230515d133","hardness":["H230822efa5"],"hardnessKategori":["HK230712824d"],"material":["M230628ff9e"],"materialKategori":[""],"parameter":["P23082255f0"],"parameterKategori":["PK230822399f"]}]}', '{MK230628d4f3}', 'KING STEEL');
INSERT INTO public.master_item VALUES ('MI23090539f7', 'ST3*10YXAB-A-10-HM', NULL, '2023-09-05 01:35:50.911', '2023-09-05 01:35:50.911', NULL, '{"MK230628d4f3":[{"id_instruksi":"230515d133","hardness":["H230822efa5"],"hardnessKategori":["HK230712824d"],"material":["M230628ff9e"],"materialKategori":[""],"parameter":["P23082255f0"],"parameterKategori":["PK230822399f"]}]}', '{MK230628d4f3}', 'KING STEEL');
INSERT INTO public.master_item VALUES ('MI2309056225', 'ST3*13FXAD-A-13-HM', NULL, '2023-09-05 01:36:42.907', '2023-09-05 01:36:42.907', NULL, '{"MK230628d4f3":[{"id_instruksi":"230515d133","hardness":["H230822efa5"],"hardnessKategori":["HK230712824d"],"material":["M230628ff9e"],"materialKategori":[""],"parameter":["P23082255f0"],"parameterKategori":["PK230822399f"]}]}', '{MK230628d4f3}', 'KING STEEL');
INSERT INTO public.master_item VALUES ('MI230905b69d', 'ST5*38PXAB-A-38-HM', NULL, '2023-09-05 01:37:35.106', '2023-09-05 01:37:35.106', NULL, '{"MK230628d4f3":[{"id_instruksi":"230515d133","hardness":["H230822efa5"],"hardnessKategori":["HK230712824d"],"material":["M230628ff9e"],"materialKategori":[""],"parameter":["P23082255f0"],"parameterKategori":["PK230822399f"]}]}', '{MK230628d4f3}', 'KING STEEL');
INSERT INTO public.master_item VALUES ('MI230905e2a9', 'ST4*13PXAB-A-13-HM', NULL, '2023-09-05 01:38:54.773', '2023-09-05 01:38:54.773', NULL, '{"MK230628d4f3":[{"id_instruksi":"230515d133","hardness":["H230822efa5"],"hardnessKategori":["HK230712824d"],"material":["M230628ff9e"],"materialKategori":[""],"parameter":["P23082255f0"],"parameterKategori":["PK230822399f"]}]}', '{MK230628d4f3}', 'KING STEEL');
INSERT INTO public.master_item VALUES ('MI230905bdf1', 'ST3.5*10PXAB-A-10-HM', NULL, '2023-09-05 01:40:09.227', '2023-09-05 01:40:09.227', NULL, '{"MK230628d4f3":[{"id_instruksi":"230515d133","hardness":["H230822efa5"],"hardnessKategori":["HK230712824d"],"material":["M230628ff9e"],"materialKategori":[""],"parameter":["P23082255f0"],"parameterKategori":["PK230822399f"]}]}', '{MK230628d4f3}', 'KING STEEL');
INSERT INTO public.master_item VALUES ('MI230905fb1c', 'ST4*51FXAB-A-51-HM', NULL, '2023-09-05 01:41:00.595', '2023-09-05 01:41:00.595', NULL, '{"MK230628d4f3":[{"id_instruksi":"230515d133","hardness":["H230822efa5"],"hardnessKategori":["HK230712824d"],"material":["M230628ff9e"],"materialKategori":[""],"parameter":["P23082255f0"],"parameterKategori":["PK230822399f"]}]}', '{MK230628d4f3}', 'KING STEEL');
INSERT INTO public.master_item VALUES ('MI2309054de4', 'ST4*10PXAB-A-10-HM', NULL, '2023-09-05 01:41:47.556', '2023-09-05 01:41:47.556', NULL, '{"MK230628d4f3":[{"id_instruksi":"230515d133","hardness":["H230822efa5"],"hardnessKategori":["HK230712824d"],"material":["M230628ff9e"],"materialKategori":[""],"parameter":["P23082255f0"],"parameterKategori":["PK230822399f"]}]}', '{MK230628d4f3}', 'KING STEEL');
INSERT INTO public.master_item VALUES ('MI2309050076', 'ST4*25PXAB-A-25HM', NULL, '2023-09-05 01:42:36.557', '2023-09-05 01:42:36.557', NULL, '{"MK230628d4f3":[{"id_instruksi":"230515d133","hardness":["H230822efa5"],"hardnessKategori":["HK230712824d"],"material":["M230628ff9e"],"materialKategori":[""],"parameter":["P23082255f0"],"parameterKategori":["PK230822399f"]}]}', '{MK230628d4f3}', 'KING STEEL');
INSERT INTO public.master_item VALUES ('MI230905c835', 'ST3.5*19FXAB-A-19-HM', NULL, '2023-09-05 01:46:21.027', '2023-09-05 01:46:21.027', NULL, '{"MK230628d4f3":[{"id_instruksi":"230515d133","hardness":["H230822efa5"],"hardnessKategori":["HK230712824d"],"material":["M230628ff9e"],"materialKategori":[""],"parameter":["P23082255f0"],"parameterKategori":["PK230822399f"]}]}', '{MK230628d4f3}', 'KING STEEL');
INSERT INTO public.master_item VALUES ('MI2309057eff', 'ST3.5*25LXAB-A-25-HM', NULL, '2023-09-05 01:48:29.204', '2023-09-05 01:48:29.204', NULL, '{"MK230628d4f3":[{"id_instruksi":"230515d133","hardness":["H230822efa5"],"hardnessKategori":["HK230712824d"],"material":["M230628ff9e"],"materialKategori":[""],"parameter":["P23082255f0"],"parameterKategori":["PK230822399f"]}]}', '{MK230628d4f3}', 'KING STEEL');
INSERT INTO public.master_item VALUES ('MI2309050f8d', 'GEAR 18T QT-16', NULL, '2023-09-05 02:02:04.675', '2023-09-05 02:02:04.675', NULL, '{"MK2306286924":[{"id_instruksi":"230515d133","hardness":["H230822efa5"],"hardnessKategori":["HK230712824d"],"material":["M230809e316"],"materialKategori":[""],"parameter":["P23082255f0"],"parameterKategori":["PK230822399f"]}]}', '{MK2306286924}', 'KHS');
INSERT INTO public.master_item VALUES ('MI230905fef9', 'ST3.5*13PXAB-A-13-HM', NULL, '2023-09-05 02:04:35.531', '2023-09-05 02:04:35.531', NULL, '{"MK230628d4f3":[{"id_instruksi":"230515d133","hardness":["H230822efa5"],"hardnessKategori":["HK230712824d"],"material":["M230628ff9e"],"materialKategori":[""],"parameter":["P23082255f0"],"parameterKategori":["PK230822399f"]}]}', '{MK230628d4f3}', 'KING STEEL');
INSERT INTO public.master_item VALUES ('MI2309058f44', 'GEAR 27T QT-16', NULL, '2023-09-05 02:12:20.316', '2023-09-05 02:12:20.316', NULL, '{"MK2306286924":[{"id_instruksi":"230515d133","hardness":["H230822efa5"],"hardnessKategori":["HK230712824d"],"material":["M230809e316"],"materialKategori":[""],"parameter":["P23082255f0"],"parameterKategori":["PK230822399f"]}]}', '{MK2306286924}', 'KHS');
INSERT INTO public.master_item VALUES ('MI230905f460', 'GEAR 34T QT-16', NULL, '2023-09-05 02:12:46.062', '2023-09-05 02:12:46.062', NULL, '{"MK2306286924":[{"id_instruksi":"230515d133","hardness":["H230822efa5"],"hardnessKategori":["HK230712824d"],"material":["M230809e316"],"materialKategori":[""],"parameter":["P23082255f0"],"parameterKategori":["PK230822399f"]}]}', '{MK2306286924}', 'KHS');
INSERT INTO public.master_item VALUES ('MI2308317287', 'FLANGE CAM SHAFT KWN', '14105-KWN-9000', '2023-08-31 08:58:09.795', '2023-09-05 06:32:43.602', NULL, '{"MK230628d4f3":[{"id_instruksi":"230516e62c","hardness":["H2309010954"],"hardnessKategori":["2305154d26"],"material":["M230901657a"],"materialKategori":[""],"parameter":["2305158962","P230901449e"],"parameterKategori":["23051582a8","230515a1f6"]}]}', '{MK230628d4f3}', 'PT. PARKER METAL TREATMENT INDONESIA');
INSERT INTO public.master_item VALUES ('MI230905c83d', 'KOJ GEAR COMP', '28230-KOJ-N000', '2023-09-05 06:40:08.404', '2023-09-05 06:40:08.404', NULL, '{"MK2306286924":[{"id_instruksi":"230515d133","hardness":["H230822efa5"],"hardnessKategori":["HK230712824d"],"material":["M230809e316"],"materialKategori":[""],"parameter":["P23082255f0"],"parameterKategori":["PK230822399f"]}]}', '{MK2306286924}', 'SIGMA');
INSERT INTO public.master_item VALUES ('MI2309050b89', 'SPROCKET TIMING ', '14311-KOR-V001-1', '2023-09-05 06:42:01.326', '2023-09-05 06:42:01.326', NULL, '{"MK2306286924":[{"id_instruksi":"230515d133","hardness":["H230822efa5"],"hardnessKategori":["HK230712824d"],"material":["M230809e316"],"materialKategori":[""],"parameter":["P23082255f0"],"parameterKategori":["PK230822399f"]}]}', '{MK2306286924}', 'SIGMA');
INSERT INTO public.master_item VALUES ('MI230905c19c', 'TSBAT 6 X 14 MC3', NULL, '2023-09-05 07:04:07.747', '2023-09-05 07:04:07.747', NULL, '{"MK230628d4f3":[{"id_instruksi":"230515d133","hardness":["H230822efa5"],"hardnessKategori":["HK230712824d"],"material":["M230628ff9e"],"materialKategori":[""],"parameter":["P23082255f0"],"parameterKategori":["PK230822399f"]}]}', '{MK230628d4f3}', 'HIKARI');
INSERT INTO public.master_item VALUES ('MI2309054014', 'TSAR SPC 5 X 16 MC3', NULL, '2023-09-05 07:04:35.673', '2023-09-05 07:04:35.673', NULL, '{"MK230628d4f3":[{"id_instruksi":"230515d133","hardness":["H230822efa5"],"hardnessKategori":["HK230712824d"],"material":["M230628ff9e"],"materialKategori":[""],"parameter":["P23082255f0"],"parameterKategori":["PK230822399f"]}]}', '{MK230628d4f3}', 'HIKARI');
INSERT INTO public.master_item VALUES ('MI2309052904', 'TSAT 4 X 16 MC3', NULL, '2023-09-05 07:04:58.755', '2023-09-05 07:04:58.755', NULL, '{"MK230628d4f3":[{"id_instruksi":"230515d133","hardness":["H230822efa5"],"hardnessKategori":["HK230712824d"],"material":["M230628ff9e"],"materialKategori":[""],"parameter":["P23082255f0"],"parameterKategori":["PK230822399f"]}]}', '{MK230628d4f3}', 'HIKARI');
INSERT INTO public.master_item VALUES ('MI2309055585', 'TSB1P SPC 4 X 8 MC3', NULL, '2023-09-05 07:05:38.994', '2023-09-05 07:05:38.994', NULL, '{"MK230628d4f3":[{"id_instruksi":"230515d133","hardness":["H230822efa5"],"hardnessKategori":["HK230712824d"],"material":["M230628ff9e"],"materialKategori":[""],"parameter":["P23082255f0"],"parameterKategori":["PK230822399f"]}]}', '{MK230628d4f3}', 'HIKARI');
INSERT INTO public.master_item VALUES ('MI230905f184', 'TSBAB SPC 5 X 25 CF H3.3', NULL, '2023-09-05 07:06:15.233', '2023-09-05 07:06:15.233', NULL, '{"MK230628d4f3":[{"id_instruksi":"230515d133","hardness":["H230822efa5"],"hardnessKategori":["HK230712824d"],"material":["M230628ff9e"],"materialKategori":[""],"parameter":["P23082255f0"],"parameterKategori":["PK230822399f"]}]}', '{MK230628d4f3}', 'HIKARI');
INSERT INTO public.master_item VALUES ('MI230905fbb2', 'TSBB 4 X 15 MC3', NULL, '2023-09-05 07:06:47.55', '2023-09-05 07:06:47.55', NULL, '{"MK230628d4f3":[{"id_instruksi":"230515d133","hardness":["H230822efa5"],"hardnessKategori":["HK230712824d"],"material":["M230628ff9e"],"materialKategori":[""],"parameter":["P23082255f0"],"parameterKategori":["PK230822399f"]}]}', '{MK230628d4f3}', 'HIKARI');
INSERT INTO public.master_item VALUES ('MI230905a6c8', 'TSBP 3 X 10 MC3 D7', NULL, '2023-09-05 07:07:14.982', '2023-09-05 07:07:14.982', NULL, '{"MK230628d4f3":[{"id_instruksi":"230515d133","hardness":["H230822efa5"],"hardnessKategori":["HK230712824d"],"material":["M230628ff9e"],"materialKategori":[""],"parameter":["P23082255f0"],"parameterKategori":["PK230822399f"]}]}', '{MK230628d4f3}', 'HIKARI');
INSERT INTO public.master_item VALUES ('MI2309054f8c', 'TSBT 5 X 10 MC3', NULL, '2023-09-05 07:07:41.977', '2023-09-05 07:07:41.977', NULL, '{"MK230628d4f3":[{"id_instruksi":"230515d133","hardness":["H230822efa5"],"hardnessKategori":["HK230712824d"],"material":["M230628ff9e"],"materialKategori":[""],"parameter":["P23082255f0"],"parameterKategori":["PK230822399f"]}]}', '{MK230628d4f3}', 'HIKARI');
INSERT INTO public.master_item VALUES ('MI230905d1ed', 'TSBT 5 X 20 ZK', NULL, '2023-09-05 07:08:14.028', '2023-09-05 07:08:14.028', NULL, '{"MK230628d4f3":[{"id_instruksi":"230515d133","hardness":["H230822efa5"],"hardnessKategori":["HK230712824d"],"material":["M230628ff9e"],"materialKategori":[""],"parameter":["P23082255f0"],"parameterKategori":["PK230822399f"]}]}', '{MK230628d4f3}', 'HIKARI');
INSERT INTO public.master_item VALUES ('MI230905a12e', 'TSBT 5 X 25 MC3', NULL, '2023-09-05 07:08:41.085', '2023-09-05 07:08:41.085', NULL, '{"MK230628d4f3":[{"id_instruksi":"230515d133","hardness":["H230822efa5"],"hardnessKategori":["HK230712824d"],"material":["M230628ff9e"],"materialKategori":[""],"parameter":["P23082255f0"],"parameterKategori":["PK230822399f"]}]}', '{MK230628d4f3}', 'HIKARI');
INSERT INTO public.master_item VALUES ('MI2309052e11', 'TSBW 5 X 25 CF+', NULL, '2023-09-05 07:09:03.933', '2023-09-05 07:09:03.933', NULL, '{"MK230628d4f3":[{"id_instruksi":"230515d133","hardness":["H230822efa5"],"hardnessKategori":["HK230712824d"],"material":["M230628ff9e"],"materialKategori":[""],"parameter":["P23082255f0"],"parameterKategori":["PK230822399f"]}]}', '{MK230628d4f3}', 'HIKARI');
INSERT INTO public.master_item VALUES ('MI23090536fb', 'BTB 3 X 8 MC3', NULL, '2023-09-05 07:10:40.138', '2023-09-05 07:10:40.138', NULL, '{"MK230628d4f3":[{"id_instruksi":"230515d133","hardness":["H230822efa5"],"hardnessKategori":["HK230712824d"],"material":["M230628ff9e"],"materialKategori":[""],"parameter":["P23082255f0"],"parameterKategori":["PK230822399f"]}]}', '{MK230628d4f3}', 'HIKARI');
INSERT INTO public.master_item VALUES ('MI230905df0f', 'RVK 8 X 15.5 KZ D16', NULL, '2023-09-05 07:11:26.627', '2023-09-05 07:11:26.627', NULL, '{"230521603b":[{"id_instruksi":"IK230824fb8f","hardness":["H230822efa5"],"hardnessKategori":["HK230712824d"],"material":["M230809e316"],"materialKategori":[""],"parameter":["P23082255f0"],"parameterKategori":["PK230822399f"]}]}', '{230521603b}', 'HIKARI');
INSERT INTO public.master_item VALUES ('MI23090516ce', 'TSBAT 6 X 16 MC3', NULL, '2023-09-05 07:11:56.807', '2023-09-05 07:11:56.807', NULL, '{"MK230628d4f3":[{"id_instruksi":"230515d133","hardness":["H230822efa5"],"hardnessKategori":["HK230712824d"],"material":["M230628ff9e"],"materialKategori":[""],"parameter":["P23082255f0"],"parameterKategori":["PK230822399f"]}]}', '{MK230628d4f3}', 'HIKARI');
INSERT INTO public.master_item VALUES ('MI230905d7ff', 'TSB1N 4 X 14-11 CF D8 D11T0.8 16A+GASKET', NULL, '2023-09-05 07:13:44.966', '2023-09-05 07:13:44.966', NULL, '{"MK230628d4f3":[{"id_instruksi":"230515d133","hardness":["H230822efa5"],"hardnessKategori":["HK230712824d"],"material":["M230628ff9e"],"materialKategori":[""],"parameter":["P23082255f0"],"parameterKategori":["PK230822399f"]}]}', '{MK230628d4f3}', 'HIKARI');
INSERT INTO public.master_item VALUES ('MI2309052841', 'TSB1T 4 X 12 CF', NULL, '2023-09-05 07:14:09.128', '2023-09-05 07:14:09.128', NULL, '{"MK230628d4f3":[{"id_instruksi":"230515d133","hardness":["H230822efa5"],"hardnessKategori":["HK230712824d"],"material":["M230628ff9e"],"materialKategori":[""],"parameter":["P23082255f0"],"parameterKategori":["PK230822399f"]}]}', '{MK230628d4f3}', 'HIKARI');
INSERT INTO public.master_item VALUES ('MI2309057b0f', 'BTP 4 X 18 MC3', NULL, '2023-09-05 07:16:30.838', '2023-09-05 07:16:30.838', NULL, '{"MK230628d4f3":[{"id_instruksi":"230515d133","hardness":["H230822efa5"],"hardnessKategori":["HK230712824d"],"material":["M230628ff9e"],"materialKategori":[""],"parameter":["P23082255f0"],"parameterKategori":["PK230822399f"]}]}', '{MK230628d4f3}', 'HIKARI');
INSERT INTO public.master_item VALUES ('MI2309059a1b', 'PTB 3 X 8 MC3', NULL, '2023-09-05 07:16:59.197', '2023-09-05 07:16:59.197', NULL, '{"MK230628d4f3":[{"id_instruksi":"230515d133","hardness":["H230822efa5"],"hardnessKategori":["HK230712824d"],"material":["M230628ff9e"],"materialKategori":[""],"parameter":["P23082255f0"],"parameterKategori":["PK230822399f"]}]}', '{MK230628d4f3}', 'HIKARI');
INSERT INTO public.master_item VALUES ('MI2309054447', 'TSABT 5 X 16 MC3 8M', NULL, '2023-09-05 07:17:28.052', '2023-09-05 07:17:28.052', NULL, '{"MK230628d4f3":[{"id_instruksi":"230515d133","hardness":["H230822efa5"],"hardnessKategori":["HK230712824d"],"material":["M230628ff9e"],"materialKategori":[""],"parameter":["P23082255f0"],"parameterKategori":["PK230822399f"]}]}', '{MK230628d4f3}', 'HIKARI');
INSERT INTO public.master_item VALUES ('MI2309050de4', 'BTN 3 X 10 MC3 D12T0.8', NULL, '2023-09-05 07:19:12.268', '2023-09-05 07:19:12.268', NULL, '{"MK230628d4f3":[{"id_instruksi":"230515d133","hardness":["H230822efa5"],"hardnessKategori":["HK230712824d"],"material":["M230628ff9e"],"materialKategori":[""],"parameter":["P23082255f0"],"parameterKategori":["PK230822399f"]}]}', '{MK230628d4f3}', 'HIKARI');
INSERT INTO public.master_item VALUES ('MI2309058245', 'TSAX 4 X 12 CF D11T0.8', NULL, '2023-09-05 07:20:07.769', '2023-09-05 07:20:07.769', NULL, '{"MK230628d4f3":[{"id_instruksi":"230515d133","hardness":["H230822efa5"],"hardnessKategori":["HK230712824d"],"material":["M230628ff9e"],"materialKategori":[""],"parameter":["P23082255f0"],"parameterKategori":["PK230822399f"]}]}', '{MK230628d4f3}', 'HIKARI');
INSERT INTO public.master_item VALUES ('MI230905cc94', 'TSABT 6 X 14 MC3', NULL, '2023-09-05 07:19:42.634', '2023-09-05 07:21:12.922', NULL, '{"MK230628d4f3":[{"id_instruksi":"230515d133","hardness":["H230822efa5"],"hardnessKategori":["HK230712824d"],"material":["M230628ff9e"],"materialKategori":[""],"parameter":["P23082255f0"],"parameterKategori":["PK230822399f"]}]}', '{MK230628d4f3}', 'HIKARI');
INSERT INTO public.master_item VALUES ('MI230905e82c', 'TSBAF 5 X 16 EB', NULL, '2023-09-05 07:17:53.189', '2023-09-05 08:08:28.016', NULL, '{"MK230628d4f3":[{"id_instruksi":"230515d133","hardness":["H230822efa5"],"hardnessKategori":["HK230712824d"],"material":["M230628ff9e"],"materialKategori":[""],"parameter":["P23082255f0"],"parameterKategori":["PK230822399f"]}]}', '{MK230628d4f3}', 'HIKARI');
INSERT INTO public.master_item VALUES ('MI230905c7bd', 'TSABT 6 X 16 MC3', NULL, '2023-09-05 08:16:08.223', '2023-09-05 08:16:08.223', NULL, '{"MK230628d4f3":[{"id_instruksi":"230515d133","hardness":["H230822efa5"],"hardnessKategori":["HK230712824d"],"material":["M230628ff9e"],"materialKategori":[""],"parameter":["P23082255f0"],"parameterKategori":["PK230822399f"]}]}', '{MK230628d4f3}', 'HIKARI');
INSERT INTO public.master_item VALUES ('MI23090678f6', 'C38', NULL, '2023-09-06 07:46:47.551', '2023-09-06 07:53:37.106', NULL, '{"MK230628d4f3":[{"id_instruksi":"230515d133","hardness":["H230906a1a2"],"hardnessKategori":["2305154d26"],"material":["M230906b49d"],"materialKategori":[""],"parameter":["P2309060af5","P23090651ec","P230628a54d"],"parameterKategori":["PK2306287e2a","230515a1f6","230516833e"]}]}', '{MK230628d4f3}', 'MARABU');
INSERT INTO public.master_item VALUES ('MI2309067b49', 'A70', NULL, '2023-09-06 07:46:05.422', '2023-09-06 07:52:45.638', NULL, '{"MK230628d4f3":[{"id_instruksi":"230515d133","hardness":["H230906a1a2"],"hardnessKategori":["2305154d26"],"material":["M230906b49d"],"materialKategori":[""],"parameter":["P2309060af5","P23090651ec","P230628a54d"],"parameterKategori":["PK2306287e2a","230515a1f6","230516833e"]}]}', '{MK230628d4f3}', 'MARABU');
INSERT INTO public.master_item VALUES ('MI23090665cd', 'KLEM 30 X 2.2', NULL, '2023-09-06 07:55:04.691', '2023-09-06 07:55:04.691', NULL, '{"MK230628d4f3":[{"id_instruksi":"230515d133","hardness":["H230906a1a2"],"hardnessKategori":["2305154d26"],"material":["M230906b49d"],"materialKategori":[""],"parameter":["P2309060af5","P23090651ec","P230628a54d"],"parameterKategori":["PK2306287e2a","230515a1f6","230516833e"]}]}', '{MK230628d4f3}', 'MARABU');
INSERT INTO public.master_item VALUES ('MI2309069686', 'KLEM 39 X 2.5', NULL, '2023-09-06 07:56:21.865', '2023-09-06 07:56:21.865', NULL, '{"MK230628d4f3":[{"id_instruksi":"230515d133","hardness":["H230906a1a2"],"hardnessKategori":["2305154d26"],"material":["M230906b49d"],"materialKategori":[""],"parameter":["P2309060af5","P23090651ec","P230628a54d"],"parameterKategori":["PK2306287e2a","230515a1f6","230516833e"]}]}', '{MK230628d4f3}', 'MARABU');
INSERT INTO public.master_item VALUES ('MI230906c31f', 'SPROCKET 14T KPH HONDA', '-', '2023-09-06 08:25:12.069', '2023-09-06 08:25:12.069', NULL, '{"MK2306286924":[{"id_instruksi":"230515d133","hardness":["H230822efa5"],"hardnessKategori":["HK230712824d"],"material":["M230809e316"],"materialKategori":[""],"parameter":["P23082255f0"],"parameterKategori":["PK230822399f"]}]}', '{MK2306286924}', 'RPL');
INSERT INTO public.master_item VALUES ('MI2309060566', 'SPROCKET 14T GF6 HONDA', '-', '2023-09-06 08:28:42.698', '2023-09-06 08:28:42.698', NULL, '{"MK2306286924":[{"id_instruksi":"230515d133","hardness":["H230822efa5"],"hardnessKategori":["HK230712824d"],"material":["M230809e316"],"materialKategori":[""],"parameter":["P23082255f0"],"parameterKategori":["PK230822399f"]}]}', '{MK2306286924}', 'RPL');
INSERT INTO public.master_item VALUES ('MI2309065990', 'SPROCKET 15T KEV HONDA', '-', '2023-09-06 08:30:11.905', '2023-09-06 08:30:11.905', NULL, '{"MK2306286924":[{"id_instruksi":"230515d133","hardness":["H230822efa5"],"hardnessKategori":["HK230712824d"],"material":["M230809e316"],"materialKategori":[""],"parameter":["P23082255f0"],"parameterKategori":["PK230822399f"]}]}', '{MK2306286924}', 'RPL');
INSERT INTO public.master_item VALUES ('MI2309069795', 'SPROCKET 14T KWW', '-', '2023-09-06 08:30:55.087', '2023-09-06 08:30:55.087', NULL, '{"MK2306286924":[{"id_instruksi":"230515d133","hardness":["H230822efa5"],"hardnessKategori":["HK230712824d"],"material":["M230809e316"],"materialKategori":[""],"parameter":["P23082255f0"],"parameterKategori":["PK230822399f"]}]}', '{MK2306286924}', 'RPL');
INSERT INTO public.master_item VALUES ('MI230906a580', 'SPROCKET 14T KWB AHM', '-', '2023-09-06 08:31:51.621', '2023-09-06 08:31:51.621', NULL, '{"MK2306286924":[{"id_instruksi":"230515d133","hardness":["H230822efa5"],"hardnessKategori":["HK230712824d"],"material":["M230809e316"],"materialKategori":[""],"parameter":["P23082255f0"],"parameterKategori":["PK230822399f"]}]}', '{MK2306286924}', 'RPL');
INSERT INTO public.master_item VALUES ('MI2309065625', 'SPROCKET 14T KVX', '-', '2023-09-06 08:32:26.874', '2023-09-06 08:32:26.874', NULL, '{"MK2306286924":[{"id_instruksi":"230515d133","hardness":["H230822efa5"],"hardnessKategori":["HK230712824d"],"material":["M230809e316"],"materialKategori":[""],"parameter":["P23082255f0"],"parameterKategori":["PK230822399f"]}]}', '{MK2306286924}', 'RPL');
INSERT INTO public.master_item VALUES ('MI230906a705', 'SPROCKET 15T K15 (KBP)', '-', '2023-09-06 08:33:03.271', '2023-09-06 08:33:03.271', NULL, '{"MK2306286924":[{"id_instruksi":"230515d133","hardness":["H230822efa5"],"hardnessKategori":["HK230712824d"],"material":["M230809e316"],"materialKategori":[""],"parameter":["P23082255f0"],"parameterKategori":["PK230822399f"]}]}', '{MK2306286924}', 'RPL');
INSERT INTO public.master_item VALUES ('MI230906802c', 'SPROCKET 15T K15 (KBP K56)', '-', '2023-09-06 08:34:12.375', '2023-09-06 08:34:12.375', NULL, '{"MK2306286924":[{"id_instruksi":"230515d133","hardness":["H230822efa5"],"hardnessKategori":["HK230712824d"],"material":["M230809e316"],"materialKategori":[""],"parameter":["P23082255f0"],"parameterKategori":["PK230822399f"]}]}', '{MK2306286924}', 'RPL');
INSERT INTO public.master_item VALUES ('MI230906f91d', 'SPROCKET 15T K15 (KBP) ASPIRA', '-', '2023-09-06 08:35:33.525', '2023-09-06 08:35:33.525', NULL, '{"MK2306286924":[{"id_instruksi":"230515d133","hardness":["H230822efa5"],"hardnessKategori":["HK230712824d"],"material":["M230809e316"],"materialKategori":[""],"parameter":["P23082255f0"],"parameterKategori":["PK230822399f"]}]}', '{MK2306286924}', 'RPL');
INSERT INTO public.master_item VALUES ('MI2309060ea5', 'SPROCKET 14T KPH ASPIRA', '-', '2023-09-06 08:38:15.308', '2023-09-06 08:38:15.308', NULL, '{"MK2306286924":[{"id_instruksi":"230515d133","hardness":["H230822efa5"],"hardnessKategori":["HK230712824d"],"material":["M230809e316"],"materialKategori":[""],"parameter":["P23082255f0"],"parameterKategori":["PK230822399f"]}]}', '{MK2306286924}', 'RPL');
INSERT INTO public.master_item VALUES ('MI2309060e8a', 'SPROCKET 14T GF6 ASPIRA', '-', '2023-09-06 08:38:58.255', '2023-09-06 08:38:58.255', NULL, '{"MK2306286924":[{"id_instruksi":"230515d133","hardness":["H230822efa5"],"hardnessKategori":["HK230712824d"],"material":["M230809e316"],"materialKategori":[""],"parameter":["P23082255f0"],"parameterKategori":["PK230822399f"]}]}', '{MK2306286924}', 'RPL');
INSERT INTO public.master_item VALUES ('MI2309063d76', 'SPROCKET 15T KEV ASPIRA', '-', '2023-09-06 08:39:31.603', '2023-09-06 08:39:31.603', NULL, '{"MK2306286924":[{"id_instruksi":"230515d133","hardness":["H230822efa5"],"hardnessKategori":["HK230712824d"],"material":["M230809e316"],"materialKategori":[""],"parameter":["P23082255f0"],"parameterKategori":["PK230822399f"]}]}', '{MK2306286924}', 'RPL');
INSERT INTO public.master_item VALUES ('MI230906f706', 'COLLAR CENTER PIVOT K15', '-', '2023-09-06 08:40:07.865', '2023-09-06 08:40:07.865', NULL, '{"MK2306286924":[{"id_instruksi":"230515d133","hardness":["H230822efa5"],"hardnessKategori":["HK230712824d"],"material":["M230809e316"],"materialKategori":[""],"parameter":["P23082255f0"],"parameterKategori":["PK230822399f"]}]}', '{MK2306286924}', 'RPL');
INSERT INTO public.master_item VALUES ('MI2309064c6a', 'SPROCKET DRIVE 14T FSCM', '-', '2023-09-06 08:26:50.407', '2023-09-06 08:42:06.563', NULL, '{"MK2306286924":[{"id_instruksi":"230515d133","hardness":["H230822efa5"],"hardnessKategori":["HK230712824d"],"material":["M230809e316"],"materialKategori":[""],"parameter":["P23082255f0"],"parameterKategori":["PK230822399f"]}]}', '{MK2306286924}', 'RPL');
INSERT INTO public.master_item VALUES ('MI230906acc3', 'RACE ST TOP BALL GN5', '-', '2023-09-06 08:43:30.773', '2023-09-06 08:43:30.773', NULL, '{"MK2306286924":[{"id_instruksi":"230515d133","hardness":["H230822efa5"],"hardnessKategori":["HK230712824d"],"material":["M230809e316"],"materialKategori":[""],"parameter":["P23082255f0"],"parameterKategori":["PK230822399f"]}]}', '{MK2306286924}', 'RPL');
INSERT INTO public.master_item VALUES ('MI2309061816', 'RACE ST BOTTOM BALL GN5', '-', '2023-09-06 08:43:59.206', '2023-09-06 08:43:59.206', NULL, '{"MK2306286924":[{"id_instruksi":"230515d133","hardness":["H230822efa5"],"hardnessKategori":["HK230712824d"],"material":["M230809e316"],"materialKategori":[""],"parameter":["P23082255f0"],"parameterKategori":["PK230822399f"]}]}', '{MK2306286924}', 'RPL');
INSERT INTO public.master_item VALUES ('MI230906f222', 'NUT LOCK 22', '-', '2023-09-06 08:44:32.815', '2023-09-06 09:10:10.778', NULL, '{"MK230628d4f3":[{"id_instruksi":"230516e62c","hardness":["H230822efa5"],"hardnessKategori":["HK230712824d"],"material":["M230809e316"],"materialKategori":[""],"parameter":["P23082255f0"],"parameterKategori":["PK230822399f"]}],"MK2306286924":[{"id_instruksi":"230516e62c","hardness":["H230822efa5"],"hardnessKategori":["HK230712824d"],"material":["M230809e316"],"materialKategori":[""],"parameter":["P23082255f0"],"parameterKategori":["PK230822399f"]}]}', '{MK2306286924}', 'RPL');
INSERT INTO public.master_item VALUES ('MI2309065297', 'HOOK HOOD LOCK', '-', '2023-09-06 08:46:05.518', '2023-09-06 08:46:05.518', NULL, '{"MK230628d4f3":[{"id_instruksi":"230516e62c","hardness":["H230822efa5"],"hardnessKategori":["HK230712824d"],"material":["M230809e316"],"materialKategori":[],"parameter":["P23082255f0"],"parameterKategori":["PK230822399f"]}]}', '{MK230628d4f3}', 'RPL');
INSERT INTO public.master_item VALUES ('MI230906b771', 'BOLT REAR CUSHION K18A', '-', '2023-09-06 08:46:36.806', '2023-09-06 08:46:36.806', NULL, '{"MK230628d4f3":[{"id_instruksi":"230516e62c","hardness":["H230822efa5"],"hardnessKategori":["HK230712824d"],"material":["M230809e316"],"materialKategori":[""],"parameter":["P23082255f0"],"parameterKategori":["PK230822399f"]}]}', '{MK230628d4f3}', 'RPL');
INSERT INTO public.master_item VALUES ('MI230906f394', 'BOLT REAR CUSHION K81', '-', '2023-09-06 08:47:46.651', '2023-09-06 08:47:46.651', NULL, '{"MK230628d4f3":[{"id_instruksi":"230516e62c","hardness":["H230822efa5"],"hardnessKategori":["HK230712824d"],"material":["M230809e316"],"materialKategori":[""],"parameter":["P23082255f0"],"parameterKategori":["PK230822399f"]}]}', '{MK230628d4f3}', 'RPL');
INSERT INTO public.master_item VALUES ('MI2309061e2a', 'BOLT WELDING 6MM', '-', '2023-09-06 08:48:17.351', '2023-09-06 08:48:17.351', NULL, '{"MK230628d4f3":[{"id_instruksi":"230516e62c","hardness":["H230822efa5"],"hardnessKategori":["HK230712824d"],"material":["M230809e316"],"materialKategori":[""],"parameter":["P23082255f0"],"parameterKategori":["PK230822399f"]}]}', '{MK230628d4f3}', 'RPL');
INSERT INTO public.master_item VALUES ('MI2309061c3b', 'BOLT WELDING 6X20', '-', '2023-09-06 08:48:39.164', '2023-09-06 08:48:39.164', NULL, '{"MK230628d4f3":[{"id_instruksi":"230516e62c","hardness":["H230822efa5"],"hardnessKategori":["HK230712824d"],"material":["M230809e316"],"materialKategori":[""],"parameter":["P23082255f0"],"parameterKategori":["PK230822399f"]}]}', '{MK230628d4f3}', 'RPL');
INSERT INTO public.master_item VALUES ('MI2309065497', 'BOLT WELDING 6X15', '-', '2023-09-06 08:49:00.462', '2023-09-06 08:49:00.462', NULL, '{"MK230628d4f3":[{"id_instruksi":"230516e62c","hardness":["H230822efa5"],"hardnessKategori":["HK230712824d"],"material":["M230809e316"],"materialKategori":[""],"parameter":["P23082255f0"],"parameterKategori":["PK230822399f"]}]}', '{MK230628d4f3}', 'RPL');
INSERT INTO public.master_item VALUES ('MI230906d3ae', 'COLLAR FR WHEEL SIDE K56F', '-', '2023-09-06 08:49:26.65', '2023-09-06 08:49:26.65', NULL, '{"MK230628d4f3":[{"id_instruksi":"230516e62c","hardness":["H230822efa5"],"hardnessKategori":["HK230712824d"],"material":["M230809e316"],"materialKategori":[""],"parameter":["P23082255f0"],"parameterKategori":["PK230822399f"]}]}', '{MK230628d4f3}', 'RPL');
INSERT INTO public.master_item VALUES ('MI2309063ecb', 'ARM KICK STATER KZRA', '-', '2023-09-06 08:49:53.646', '2023-09-06 08:49:53.646', NULL, '{"MK230628d4f3":[{"id_instruksi":"230516e62c","hardness":["H230822efa5"],"hardnessKategori":["HK230712824d"],"material":["M230809e316"],"materialKategori":[""],"parameter":["P23082255f0"],"parameterKategori":["PK230822399f"]}]}', '{MK230628d4f3}', 'RPL');
INSERT INTO public.master_item VALUES ('MI230906df9f', 'ARM KICK STATER K03S', '-', '2023-09-06 08:50:18.596', '2023-09-06 08:50:18.596', NULL, '{"MK230628d4f3":[{"id_instruksi":"230516e62c","hardness":["H230822efa5"],"hardnessKategori":["HK230712824d"],"material":["M230809e316"],"materialKategori":[""],"parameter":["P23082255f0"],"parameterKategori":["PK230822399f"]}]}', '{MK230628d4f3}', 'RPL');
INSERT INTO public.master_item VALUES ('MI230906e3f8', 'COLLAR B HNDL', '-', '2023-09-06 08:57:17.802', '2023-09-06 09:02:06.853', NULL, '{"MK230628d4f3":[{"id_instruksi":"230516e62c","hardness":["H230822efa5"],"hardnessKategori":["HK230712824d"],"material":["M230809e316"],"materialKategori":[""],"parameter":["P23082255f0"],"parameterKategori":["PK230822399f"]}],"230521603b":[{"id_instruksi":"IK230824fb8f","hardness":["H230822efa5"],"hardnessKategori":["HK230712824d"],"material":["M230809e316"],"materialKategori":[""],"parameter":["P23082255f0"],"parameterKategori":["PK230822399f"]}]}', '{230521603b}', 'RPL');
INSERT INTO public.master_item VALUES ('MI2309060123', 'NUT LOCK 28', '-', '2023-09-06 08:45:25.49', '2023-09-06 09:09:37.197', NULL, '{"MK230628d4f3":[{"id_instruksi":"230516e62c","hardness":["H230822efa5"],"hardnessKategori":["HK230712824d"],"material":["M230809e316"],"materialKategori":[""],"parameter":["P23082255f0"],"parameterKategori":["PK230822399f"]}],"MK2306286924":[{"id_instruksi":"230516e62c","hardness":["H230822efa5"],"hardnessKategori":["HK230712824d"],"material":["M230809e316"],"materialKategori":[""],"parameter":["P23082255f0"],"parameterKategori":["PK230822399f"]}]}', '{MK2306286924}', 'RPL');
INSERT INTO public.master_item VALUES ('MI230906797e', 'NUT LOCK 24', '-', '2023-09-06 08:45:02.508', '2023-09-06 09:09:53.663', NULL, '{"MK230628d4f3":[{"id_instruksi":"230516e62c","hardness":["H230822efa5"],"hardnessKategori":["HK230712824d"],"material":["M230809e316"],"materialKategori":[""],"parameter":["P23082255f0"],"parameterKategori":["PK230822399f"]}],"MK2306286924":[{"id_instruksi":"230516e62c","hardness":["H230822efa5"],"hardnessKategori":["HK230712824d"],"material":["M230809e316"],"materialKategori":[""],"parameter":["P23082255f0"],"parameterKategori":["PK230822399f"]}]}', '{MK2306286924}', 'RPL');
INSERT INTO public.master_item VALUES ('MI230906aa66', '43-35631-05', 'BALL STUD', '2023-09-06 09:27:51.658', '2023-09-06 09:27:51.658', NULL, '{"MK230628d4f3":[{"id_instruksi":"230516e62c","hardness":["H230822efa5"],"hardnessKategori":["HK230712824d"],"material":["M230809e316"],"materialKategori":[""],"parameter":["P23082255f0"],"parameterKategori":["PK230822399f"]}]}', '{MK230628d4f3}', 'SGI 2');
INSERT INTO public.master_item VALUES ('MI230906e951', '43-53611-05', 'BALL STUD', '2023-09-06 09:31:43.896', '2023-09-06 09:31:43.896', NULL, '{"MK230628d4f3":[{"id_instruksi":"230516e62c","hardness":["H230822efa5"],"hardnessKategori":["HK230712824d"],"material":["M230809e316"],"materialKategori":[""],"parameter":["P23082255f0"],"parameterKategori":["PK230822399f"]}]}', '{MK230628d4f3}', 'SGI 2');


--
-- Data for Name: material_kategori; Type: TABLE DATA; Schema: public; Owner: postgres
--

INSERT INTO public.material_kategori VALUES ('1680550216-eac71de8-112c-4530-bfdb-65d534adca83', 'mat_k', '2023-04-03 19:30:16.155', '2023-04-03 19:30:16.155');
INSERT INTO public.material_kategori VALUES ('1680009885-c2cdd006-acbe-4f5d-35cd-5fe38aa343c1', 'k_mat', '2023-03-28 06:24:45.635', '2023-04-03 19:30:20.817');
INSERT INTO public.material_kategori VALUES ('23051480938', 'Kategori Material', '2023-05-14 15:59:40.938', '2023-05-14 15:59:40.938');
INSERT INTO public.material_kategori VALUES ('230515b7b4', 'SWCH 22A', '2023-05-15 11:02:41.046', '2023-05-15 11:02:41.046');
INSERT INTO public.material_kategori VALUES ('2305150c63', '10B23', '2023-05-15 11:02:58.259', '2023-05-15 11:02:58.259');
INSERT INTO public.material_kategori VALUES ('230516a58f', 'SMnB435H', '2023-05-16 04:55:03.688', '2023-05-16 04:55:03.688');
INSERT INTO public.material_kategori VALUES ('MK230628d7f3', 'SWCH 18A', '2023-06-28 06:19:54.436', '2023-06-28 06:19:54.436');
INSERT INTO public.material_kategori VALUES ('MK2306285283', 'S 45 C', '2023-06-28 06:41:43.886', '2023-06-28 06:41:43.886');
INSERT INTO public.material_kategori VALUES ('MK230628a567', 'S 45 C', '2023-06-28 06:41:49.989', '2023-06-28 06:41:49.989');
INSERT INTO public.material_kategori VALUES ('MK2307048942', 'STKM15A', '2023-07-04 09:42:44.721', '2023-07-04 09:42:44.721');
INSERT INTO public.material_kategori VALUES ('MK2307040faa', 'SCM 415', '2023-07-04 10:02:42.458', '2023-07-04 10:02:42.458');
INSERT INTO public.material_kategori VALUES ('MK2307059b97', 'SCM 420', '2023-07-05 03:50:16.334', '2023-07-05 03:50:16.334');
INSERT INTO public.material_kategori VALUES ('MK230706e026', 'SBMA740', '2023-07-06 04:01:08.5', '2023-07-06 04:01:08.5');
INSERT INTO public.material_kategori VALUES ('MK2307060ea7', 'SMnC443H', '2023-07-06 04:07:38.427', '2023-07-06 04:07:38.427');
INSERT INTO public.material_kategori VALUES ('MK230707ea53', '20MnB4', '2023-07-07 10:57:17.371', '2023-07-07 10:57:17.371');
INSERT INTO public.material_kategori VALUES ('MK2307129da6', 'S43C', '2023-07-12 06:13:00.771', '2023-07-12 06:13:00.771');
INSERT INTO public.material_kategori VALUES ('MK2307180174', 'SCM 440', '2023-07-18 03:06:38.508', '2023-07-18 03:06:38.508');
INSERT INTO public.material_kategori VALUES ('MK23071891af', 'S 55 C', '2023-07-18 03:28:06.399', '2023-07-18 03:28:06.399');
INSERT INTO public.material_kategori VALUES ('MK230731517f', 'CUSTOMER', '2023-07-31 03:30:55.723', '2023-07-31 03:30:55.723');


--
-- Data for Name: material; Type: TABLE DATA; Schema: public; Owner: postgres
--

INSERT INTO public.material VALUES ('230515c311', '2305150c63', '10B23', '2023-05-15 11:03:09.519', '2023-05-15 11:03:09.519');
INSERT INTO public.material VALUES ('2305152336', '230515b7b4', 'SWCH 22A', '2023-05-15 11:03:23.837', '2023-05-15 11:03:23.837');
INSERT INTO public.material VALUES ('2305169603', '230516a58f', 'SMnB435H', '2023-05-16 04:55:13.873', '2023-05-16 04:55:13.873');
INSERT INTO public.material VALUES ('M230628ff9e', 'MK230628d7f3', 'SWCH 18A', '2023-06-28 06:20:14.608', '2023-06-28 06:21:39.439');
INSERT INTO public.material VALUES ('M230628eaa2', 'MK230628a567', 'S 45 C', '2023-06-28 06:42:01.88', '2023-06-28 06:42:01.88');
INSERT INTO public.material VALUES ('M23070432c0', 'MK2307048942', 'STKM15A', '2023-07-04 09:42:56.282', '2023-07-04 09:42:56.282');
INSERT INTO public.material VALUES ('M230704f17b', 'MK2307040faa', 'SCM 415', '2023-07-04 10:03:03.286', '2023-07-04 10:03:03.286');
INSERT INTO public.material VALUES ('M230705a8b7', 'MK2307059b97', 'SCM 420', '2023-07-05 03:50:27.833', '2023-07-05 03:50:27.833');
INSERT INTO public.material VALUES ('M2307069c08', 'MK230706e026', 'SBMA740', '2023-07-06 04:01:16.833', '2023-07-06 04:01:16.833');
INSERT INTO public.material VALUES ('M230706f228', 'MK2307060ea7', 'SMnC443H', '2023-07-06 04:07:48.346', '2023-07-06 04:07:48.346');
INSERT INTO public.material VALUES ('M230707e0da', 'MK230707ea53', '20MnB4', '2023-07-07 10:57:29.166', '2023-07-07 10:57:29.166');
INSERT INTO public.material VALUES ('M2307319260', 'MK230731517f', 'test data material anas 31 juli 10:44 kategori customer', '2023-07-31 03:44:26.657', '2023-07-31 03:44:26.657');
INSERT INTO public.material VALUES ('M230731bdaa', 'MK230731517f', 'S40-1 ', '2023-07-31 04:16:08.382', '2023-07-31 04:16:08.382');
INSERT INTO public.material VALUES ('M2308087727', 'MK230731517f', 'SCM 435', '2023-08-08 07:33:30.022', '2023-08-08 07:33:30.022');
INSERT INTO public.material VALUES ('M230809e316', 'MK230731517f', 'UPDATE ENGINEERING', '2023-08-09 03:59:36.313', '2023-08-09 03:59:36.313');
INSERT INTO public.material VALUES ('M2308093562', 'MK230731517f', 'S48C  (SEAHBE)', '2023-08-09 09:01:35.636', '2023-08-09 09:01:35.636');
INSERT INTO public.material VALUES ('M230810bc63', 'MK2307129da6', 'S43C', '2023-08-10 02:49:40.1', '2023-08-10 02:49:55.195');
INSERT INTO public.material VALUES ('M230823e887', 'MK230731517f', 'S 53 C', '2023-08-23 04:24:09.394', '2023-08-23 04:24:09.394');
INSERT INTO public.material VALUES ('M230823ba7f', 'MK230731517f', 'SMnC443H', '2023-08-23 04:38:04.77', '2023-08-23 04:38:04.77');
INSERT INTO public.material VALUES ('M2308319ec9', 'MK230731517f', 'S 55 C', '2023-08-31 07:25:36.087', '2023-08-31 07:25:36.087');
INSERT INTO public.material VALUES ('M230901657a', 'MK230731517f', 'S 48 C', '2023-09-01 07:18:35.664', '2023-09-01 07:18:35.664');
INSERT INTO public.material VALUES ('M230906b49d', 'MK230731517f', 'SAE 1020', '2023-09-06 07:47:40.972', '2023-09-06 07:47:40.972');


--
-- Data for Name: menu; Type: TABLE DATA; Schema: public; Owner: postgres
--

INSERT INTO public.menu VALUES ('fc781874-6c08-432e-0836-b02635ef994f', NULL, 'scan out barang keluar', 'faHome', '/app/scan/out_barang', '2023-01-18 17:38:00.693', '2023-03-19 08:00:29.53', '26c1s0d8-64d7-48c8-1252-47bcd5a7a0e6-1677662729', 11);
INSERT INTO public.menu VALUES ('5efd1c9e-bc33-4f15-191d-c4af7697d049', NULL, 'item', 'faHome', '/app/item', '2023-01-18 17:38:00.687', '2023-03-04 11:38:14.549', 'dsd', 12);
INSERT INTO public.menu VALUES ('6f704527-cad3-49b9-35ec-a1113dc09b49', NULL, 'menu master stock produksi', 'faHome', NULL, '2023-01-18 17:38:00.695', '2023-03-19 08:00:29.53', '26dc100d8-64d7-48c8-1252-47bcd5a7a0e6-1677662729', 22);
INSERT INTO public.menu VALUES ('kmjhc173-2d83-4501-ab53-117361a87ef0', NULL, 'Gallery', 'faHome', '/app/gallery', '2023-01-18 17:38:00.7', '2023-04-03 19:08:52.981', 'disabled', 5);
INSERT INTO public.menu VALUES ('45b03359-0228-4d52-2e61-07f82031822b', 'f4c0c173-2d83-4501-ab53-117361a87ef0', 'Inventory', 'faHome', NULL, '2023-01-18 17:38:00.699', '2023-06-26 14:05:50.581', 'hdsf', -1);
INSERT INTO public.menu VALUES ('3efd1c9e-bc33-4f15-291d-c4af7697d049', NULL, 'Surat Jalan Keluar', 'faHome', '/app/customer/customer_sppb_out', '2023-01-18 17:38:00.687', '2023-09-18 18:00:41.208', 'R230823da93,R230823bbe3,R230802887b,26c100d8-64d7-48c8-1252-47bcd5a7a0e6-1677662729', 19);
INSERT INTO public.menu VALUES ('11d98283-fbf4-4093-1598-9212a30451db', 'f4c0c173-2d83-4501-ab53-117361a87ef0', 'Suplier', 'faHome', '/app/supplier', '2023-01-18 17:38:00.7', '2023-09-18 18:00:41.207', 'R2308239341,R230823da93,R230823bbe3,26c100d8-64d7-48c8-1252-47bcd5a7a0e6-1677662729', -1);
INSERT INTO public.menu VALUES ('ebce9714-f887-4bd8-1564-7a679ba33c0e', 'eece9714-f887-4bd8-1564-7a679ba33c0e', 'master mesin', 'faHome', '/app/mesin', '2023-01-18 17:38:00.676', '2023-09-18 18:00:41.207', 'R230823da93,R230823bbe3,R230801467f,26c100d8-64d7-48c8-1252-47bcd5a7a0e6-1677662729', -1);
INSERT INTO public.menu VALUES ('cd50fa48-2737-4bb9-3ef6-8e552105124f', NULL, 'master menu', 'faFutbol', '/app/menu', '2023-01-18 17:38:00.536', '2023-09-18 18:00:41.208', 'R2308239341,R230823da93,R230823bbe3,26c100d8-64d7-48c8-1252-47bcd5a7a0e6-1677662729', 0);
INSERT INTO public.menu VALUES ('9ac9menu-5507-458f-ae30-f2a01c9136f2', NULL, 'Dashboard', 'faMapMarkedAlt', '/app', '2023-01-18 17:38:00.658', '2023-09-18 18:00:41.208', 'R230823da93,R230823bbe3,26c100d8-64d7-48c8-1252-47bcd5a7a0e6-1677662729', 3);
INSERT INTO public.menu VALUES ('88c100d8-64d7-4458-1252-47b875a7a0e6-1677992729', NULL, 'Parameter', 'faHome', NULL, '2023-01-18 17:38:00.7', '2023-09-18 18:00:41.208', 'R230823da93,R230823bbe3,R230801467f,26c100d8-64d7-48c8-1252-47bcd5a7a0e6-1677662729', 5);
INSERT INTO public.menu VALUES ('26c100d8-64d7-48c8-1252-47bcd5a7ajh6-1699662729', NULL, 'Document', 'faHome', '/app/document', '2023-01-18 17:38:00.7', '2023-09-18 18:00:41.208', 'R230823da93,R230823bbe3,26c100d8-64d7-48c8-1252-47bcd5a7a0e6-1677662729', 2);
INSERT INTO public.menu VALUES ('26c100d8-64d7-48c8-1252-47bcd5a7a0e6-1699662729', NULL, 'Material', 'faHome', NULL, '2023-01-18 17:38:00.7', '2023-09-18 18:00:41.208', 'R230823da93,R230823bbe3,R230801467f,26c100d8-64d7-48c8-1252-47bcd5a7a0e6-1677662729', 7);
INSERT INTO public.menu VALUES ('eece9714-f887-4bd8-1564-7a679ba33c0e', NULL, 'Mesin', 'faHome', NULL, '2023-01-18 17:38:00.676', '2023-09-18 18:00:41.208', 'R230823da93,R230823bbe3,R230801467f,26c100d8-64d7-48c8-1252-47bcd5a7a0e6-1677662729', 8);
INSERT INTO public.menu VALUES ('26c100d8-64d7-48c8-1252-47bcd5a7a0e6-1677992729', NULL, 'Hardness', 'faHome', NULL, '2023-01-18 17:38:00.7', '2023-09-18 18:00:41.208', 'R230823da93,R230823bbe3,R230801467f,26c100d8-64d7-48c8-1252-47bcd5a7a0e6-1677662729', 6);
INSERT INTO public.menu VALUES ('fc781926-6c08-762e-0836-b02635ef994f', NULL, 'scan Finish Good', 'faHome', '/app/scan/finish_good', '2023-01-18 17:38:00.693', '2023-09-18 18:00:41.208', 'R230823da93,R230823bbe3,R230802887b,26c100d8-64d7-48c8-1252-47bcd5a7a0e6-1677662729', 18);
INSERT INTO public.menu VALUES ('fc781926-6c08-432e-0836-b09835ef994f', NULL, 'scan QC', 'faHome', '/app/scan/qc', '2023-01-18 17:38:00.693', '2023-09-18 18:00:41.208', 'R230823da93,R230823bbe3,R230801a683,26c100d8-64d7-48c8-1252-47bcd5a7a0e6-1677662729', 17);
INSERT INTO public.menu VALUES ('3efd1c9e-bc33-4f15-191d-c4af7697d049', NULL, 'menu master PO customer', 'faHome', '/app/customer/po', '2023-01-18 17:38:00.687', '2023-09-18 18:00:41.208', 'R230823da93,R230823bbe3,R230802887b,26c100d8-64d7-48c8-1252-47bcd5a7a0e6-1677662729', 12);
INSERT INTO public.menu VALUES ('3efd1c9e-bc33-4f15-161d-c4af7697d049', NULL, 'Surat Jalan Masuk', 'faAddressBook', '/app/customer/customer_sppb_in', '2023-01-18 17:38:00.687', '2023-09-18 18:00:41.208', 'R230823da93,R230823bbe3,R230802887b,26c100d8-64d7-48c8-1252-47bcd5a7a0e6-1677662729', 13);
INSERT INTO public.menu VALUES ('ebce9714-f887-4bd8-1564-7a339ba33c0e', NULL, 'menu master customer', 'faHome', '/app/customer', '2023-01-18 17:38:00.676', '2023-09-18 18:00:41.208', 'R230823da93,R230823bbe3,R230802887b,26c100d8-64d7-48c8-1252-47bcd5a7a0e6-1677662729', 11);
INSERT INTO public.menu VALUES ('67c56e11-440e-4229-a1fe-3575ca214d84', 'f4c0c173-2d83-4501-ab53-117361a87ef0', 'PO suplier', 'faHome', '/app/supplier/po', '2023-01-18 17:38:00.701', '2023-09-18 18:00:41.207', 'R2308239341,R230823da93,R230823bbe3,26c100d8-64d7-48c8-1252-47bcd5a7a0e6-1677662729', -1);
INSERT INTO public.menu VALUES ('fc781926-6c08-432e-0898-b02635ef994f', NULL, 'scan produksi', 'faHome', '/app/scan/produksi', '2023-01-18 17:38:00.693', '2023-09-18 18:00:41.208', 'R230823da93,R230823bbe3,R230823220d,R230802ba1b,26c100d8-64d7-48c8-1252-47bcd5a7a0e6-1677662729', 16);
INSERT INTO public.menu VALUES ('42212d6a-d599-4710-b12f-cdcb87cfc424', NULL, 'menu master kanban', 'faAnchorCircleCheck', '/app/kanban', '2023-01-18 17:38:00.689', '2023-09-18 18:00:41.208', 'R230823da93,R230823bbe3,R230802887b,26c100d8-64d7-48c8-1252-47bcd5a7a0e6-1677662729', 15);
INSERT INTO public.menu VALUES ('fc781926-6c08-432e-0836-b02635ef994f', NULL, 'menu master proses', 'faHome', '/app/kanban/instruksi', '2023-01-18 17:38:00.693', '2023-09-18 18:00:41.208', 'R230823da93,R230823bbe3,R230802887b,26c100d8-64d7-48c8-1252-47bcd5a7a0e6-1677662729', 14);
INSERT INTO public.menu VALUES ('26c100d8-64d7-48c8-1252-47bcd5a7a0e6-1698762729', '26c100d8-64d7-48c8-1252-47bcd5a7a0e6-1699662729', 'Data Material', 'faHome', '/app/material', '2023-01-18 17:38:00.7', '2023-09-18 18:00:41.206', 'R230823da93,R230823bbe3,R230801467f,26c100d8-64d7-48c8-1252-47bcd5a7a0e6-1677662729,039556db-fb53-46a4-0e1c-87eab77c4b0f-1677664761', -1);
INSERT INTO public.menu VALUES ('6980510f-69d0-4103-886f-8170e44f522c', '9ac9cafe-5507-458f-ae29-f2a01c9136f2', 'role', 'faArrowAltCircleLeft', '/app/user/role', '2023-01-18 17:38:00.697', '2023-09-18 18:00:41.207', 'R230823da93,R230823bbe3,26c100d8-64d7-48c8-1252-47bcd5a7a0e6-1677662729', -1);
INSERT INTO public.menu VALUES ('f70be0d5-86cd-4cd0-81ca-42645230b305', '9ac9cafe-5507-458f-ae29-f2a01c9136f2', 'user', 'faHome', '/app/user', '2023-01-18 17:38:00.698', '2023-09-18 18:00:41.207', 'R230823da93,R230823bbe3,26c100d8-64d7-48c8-1252-47bcd5a7a0e6-1677662729', -1);
INSERT INTO public.menu VALUES ('f4c0c173-2d83-4501-ab53-117361a87ef0', NULL, 'Inventory Internal', 'faGlobeAmericas', NULL, '2023-01-18 17:38:00.696', '2023-09-18 18:00:41.208', 'R2308239341,R230823da93,R230823bbe3,26c100d8-64d7-48c8-1252-47bcd5a7a0e6-1677662729', 1);
INSERT INTO public.menu VALUES ('9ac9cafe-5507-458f-ae29-f2a01c9136f2', NULL, 'master user', 'faAlignJustify', NULL, '2023-01-18 17:38:00.658', '2023-09-18 18:00:41.208', 'R230823da93,R230823bbe3,26c100d8-64d7-48c8-1252-47bcd5a7a0e6-1677662729', 4);
INSERT INTO public.menu VALUES ('26c100d8-64d7-48c8-1252-47b875a7a0e6-1677992729', '26c100d8-64d7-48c8-1252-47bcd5a7a0e6-1677992729', 'Data Hardness', 'faHome', '/app/hardness', '2023-01-18 17:38:00.7', '2023-09-18 18:00:41.206', 'R230823da93,R230823bbe3,R230801467f,26c100d8-64d7-48c8-1252-47bcd5a7a0e6-1677662729,039556db-fb53-46a4-0e1c-87eab77c4b0f-1677664761', -1);
INSERT INTO public.menu VALUES ('87c100d8-64d7-4458-1252-47b875a7a0e6-1677992729', '88c100d8-64d7-4458-1252-47b875a7a0e6-1677992729', 'Data Parameter', 'faHome', '/app/parameter', '2023-01-18 17:38:00.7', '2023-09-18 18:00:41.206', 'R230823da93,R230823bbe3,R230801467f,26c100d8-64d7-48c8-1252-47bcd5a7a0e6-1677662729', -1);
INSERT INTO public.menu VALUES ('26c100d8-64d7-4458-1252-47b875a7a0e6-1677992729', '26c100d8-64d7-48c8-1252-47bcd5a7a0e6-1677992729', 'Kategori Hardness', 'faHome', '/app/hardness/kategori', '2023-01-18 17:38:00.7', '2023-09-18 18:00:41.206', 'R230823da93,R230823bbe3,R230801467f,26c100d8-64d7-48c8-1252-47bcd5a7a0e6-1677662729,039556db-fb53-46a4-0e1c-87eab77c4b0f-1677664761', -1);
INSERT INTO public.menu VALUES ('26c100d8-64d7-48c8-1252-47bcd457a0e6-1698762729', '26c100d8-64d7-48c8-1252-47bcd5a7a0e6-1699662729', 'Kategori Material', 'faHome', '/app/material/kategori', '2023-01-18 17:38:00.7', '2023-09-18 18:00:41.207', 'R230823da93,R230823bbe3,R230801467f,26c100d8-64d7-48c8-1252-47bcd5a7a0e6-1677662729,039556db-fb53-46a4-0e1c-87eab77c4b0f-1677664761', -1);
INSERT INTO public.menu VALUES ('88c100d8-64d7-4458-1252-47b875a8k0e6-1677992729', '88c100d8-64d7-4458-1252-47b875a7a0e6-1677992729', 'Kategori Parameter', 'faHome', '/app/parameter/kategori', '2023-01-18 17:38:00.7', '2023-09-18 18:00:41.207', 'R230823da93,R230823bbe3,R230801467f,26c100d8-64d7-48c8-1252-47bcd5a7a0e6-1677662729', -1);
INSERT INTO public.menu VALUES ('eece9714-f887-4bd8-1jh4-7a679ba33c0e', 'eece9714-f887-4bd8-1564-7a679ba33c0e', 'Nama Mesin', 'faHome', '/app/mesin/kategori', '2023-01-18 17:38:00.676', '2023-09-18 18:00:41.207', 'R230823da93,R230823bbe3,R230801467f,26c100d8-64d7-48c8-1252-47bcd5a7a0e6-1677662729', -1);
INSERT INTO public.menu VALUES ('bece9714-f887-4bd8-1564-7a339ba33c0e', 'vece9714-f887-4bd8-1564-7a339ba33c0e', 'Material Kategori', 'faHome', '/app/material/kategori', '2023-01-18 17:38:00.693', '2023-09-18 18:00:41.207', '26c100d8-64d7-48c8-1252-47bcd5a7a0e6-1677662729', -1);
INSERT INTO public.menu VALUES ('26col0d8-64d7-48c8-1252-47bcd5a7a0g6-1577662729', NULL, 'Master Item', 'faHome', '/app/item', '2023-01-18 17:38:00.676', '2023-09-18 18:00:41.208', 'R230823da93,R230823bbe3,R230801467f,26c100d8-64d7-48c8-1252-47bcd5a7a0e6-1677662729', 9);
INSERT INTO public.menu VALUES ('26col0d8-64d7-48c8-1252-47bcd5a7a0e6-1677662729', NULL, 'kendaraan', 'faHome', '/app/kendaraan', '2023-01-18 17:38:00.676', '2023-09-18 18:00:41.208', 'R230823da93,R230823bbe3,R230802887b,26c100d8-64d7-48c8-1252-47bcd5a7a0e6-1677662729', 10);
INSERT INTO public.menu VALUES ('c5486962-a199-469f-0ae3-7ed6880c4f7a', 'f4c0c173-2d83-4501-ab53-117361a87ef0', 'Item Supplier', 'faHome', '/app/supplier/item', '2023-01-18 17:38:00.702', '2023-09-18 18:00:41.206', 'R2308239341,R230823da93,R230823bbe3,26c100d8-64d7-48c8-1252-47bcd5a7a0e6-1677662729', -1);


--
-- Data for Name: mesin_kategori; Type: TABLE DATA; Schema: public; Owner: postgres
--

INSERT INTO public.mesin_kategori VALUES ('MK230628d4f3', 'CONVEYOR ', '2023-06-28 02:20:53.648', '2023-06-28 02:20:53.648');
INSERT INTO public.mesin_kategori VALUES ('MK2306286924', 'BATCH TYPE', '2023-06-28 03:59:14.771', '2023-06-28 03:59:14.771');
INSERT INTO public.mesin_kategori VALUES ('230521603b', 'PIT TYPE', '2023-05-21 02:24:46.417', '2023-07-31 04:01:14.155');
INSERT INTO public.mesin_kategori VALUES ('MK2307030201', 'INDUCTION ', '2023-07-03 03:06:55.297', '2023-08-18 07:24:15.717');


--
-- Data for Name: mesin; Type: TABLE DATA; Schema: public; Owner: postgres
--

INSERT INTO public.mesin VALUES ('M2306284e3f', 'LINE 2', NULL, '2023-06-28 02:21:11.357', '2023-06-28 02:21:11.357', 'MK230628d4f3');
INSERT INTO public.mesin VALUES ('M230628c1e5', 'LINE 3', NULL, '2023-06-28 02:55:25.467', '2023-06-28 02:55:25.467', 'MK230628d4f3');
INSERT INTO public.mesin VALUES ('M230703510d', 'LINE 4', NULL, '2023-07-03 03:07:12.856', '2023-07-03 03:07:12.856', 'MK2307030201');
INSERT INTO public.mesin VALUES ('M2307040cda', 'LINE 3', NULL, '2023-07-04 09:43:13.49', '2023-07-04 09:43:13.49', 'MK2307030201');
INSERT INTO public.mesin VALUES ('M23070530af', 'LINE 1', NULL, '2023-07-05 04:25:38.519', '2023-07-05 04:25:38.519', 'MK2307030201');
INSERT INTO public.mesin VALUES ('M230731739b', 'LINE 1', NULL, '2023-07-31 04:32:21.605', '2023-07-31 04:32:21.605', '230521603b');
INSERT INTO public.mesin VALUES ('M2307312c02', 'LINE 2 & LINE 5', NULL, '2023-07-31 04:32:57.319', '2023-07-31 04:34:01.952', '230521603b');
INSERT INTO public.mesin VALUES ('M230731ad5c', 'LINE 4 & LINE 8', NULL, '2023-07-31 04:34:32.35', '2023-07-31 04:34:32.35', '230521603b');
INSERT INTO public.mesin VALUES ('M2307314b16', 'LINE 4 & LINE 8', NULL, '2023-07-31 04:34:36.155', '2023-07-31 04:34:36.155', '230521603b');
INSERT INTO public.mesin VALUES ('M2307318242', 'LINE 3 & LINE 7', NULL, '2023-07-31 04:33:16.402', '2023-07-31 04:34:40.639', '230521603b');
INSERT INTO public.mesin VALUES ('M230814d29b', 'A2', NULL, '2023-08-14 10:56:11.479', '2023-08-14 10:56:11.479', 'MK2306286924');
INSERT INTO public.mesin VALUES ('M23082346fe', 'LINE 4', NULL, '2023-08-23 03:51:15.926', '2023-08-23 03:51:15.926', 'MK230628d4f3');
INSERT INTO public.mesin VALUES ('M2308230ec8', 'CONVEYOR LINE 4', NULL, '2023-08-23 03:56:43.927', '2023-08-23 03:56:43.927', 'MK230628d4f3');
INSERT INTO public.mesin VALUES ('M2306289d5c', 'CONVEYOR LINE 1', NULL, '2023-06-28 06:47:00.646', '2023-08-23 03:58:19.909', 'MK230628d4f3');
INSERT INTO public.mesin VALUES ('M230824121d', 'LINE 6', NULL, '2023-08-24 09:36:47.809', '2023-08-24 09:36:47.809', '230521603b');
INSERT INTO public.mesin VALUES ('M230904b695', 'A1', NULL, '2023-09-04 10:48:24.875', '2023-09-04 10:48:24.875', 'MK2306286924');
INSERT INTO public.mesin VALUES ('M230905486f', 'B1', NULL, '2023-09-05 06:55:36.661', '2023-09-05 06:55:36.661', 'MK2306286924');
INSERT INTO public.mesin VALUES ('M2309053e4a', 'B2', NULL, '2023-09-05 06:55:42.992', '2023-09-05 06:55:42.992', 'MK2306286924');


--
-- Data for Name: parameter_kategori; Type: TABLE DATA; Schema: public; Owner: postgres
--

INSERT INTO public.parameter_kategori VALUES ('23051582a8', 'QUENCHING', '2023-05-15 10:58:51.95', '2023-05-15 10:58:51.95');
INSERT INTO public.parameter_kategori VALUES ('230515a1f6', 'TEMPERING', '2023-05-15 10:59:00.815', '2023-05-15 10:59:00.815');
INSERT INTO public.parameter_kategori VALUES ('230516833e', 'CP', '2023-05-16 04:56:16.693', '2023-05-16 04:56:16.693');
INSERT INTO public.parameter_kategori VALUES ('PK2306287e2a', 'CARBURIZING', '2023-06-28 03:11:17.756', '2023-06-28 03:11:17.756');
INSERT INTO public.parameter_kategori VALUES ('PK2307031ce8', 'INDUCTION QUENCHING ', '2023-07-03 03:02:34.415', '2023-07-03 03:16:31.893');
INSERT INTO public.parameter_kategori VALUES ('PK2307121099', 'ENGGENERING', '2023-07-12 07:51:53.48', '2023-07-12 08:06:46.058');
INSERT INTO public.parameter_kategori VALUES ('PK230818f4de', 'NORMALIZING', '2023-08-18 07:15:52.28', '2023-08-18 07:15:52.28');
INSERT INTO public.parameter_kategori VALUES ('PK230822399f', 'UPDATE', '2023-08-22 10:08:34.892', '2023-08-22 10:08:34.892');


--
-- Data for Name: parameter; Type: TABLE DATA; Schema: public; Owner: postgres
--

INSERT INTO public.parameter VALUES ('230515385f', '230515a1f6', '580 X 90''', '2023-05-15 10:59:36.85', '2023-05-15 10:59:36.85', NULL);
INSERT INTO public.parameter VALUES ('23051607fe', '23051582a8', '870X120''', '2023-05-16 04:56:58.627', '2023-05-16 04:56:58.627', NULL);
INSERT INTO public.parameter VALUES ('230516da98', '230516833e', '0.40', '2023-05-16 04:57:34.734', '2023-05-16 04:57:34.734', NULL);
INSERT INTO public.parameter VALUES ('P230628636c', '230515a1f6', '330 X 75''', '2023-06-28 06:16:14.832', '2023-06-28 06:16:14.832', NULL);
INSERT INTO public.parameter VALUES ('P230628118e', 'PK2306287e2a', '880 x 50''', '2023-06-28 06:15:46.065', '2023-06-28 06:16:45.518', NULL);
INSERT INTO public.parameter VALUES ('P230628a54d', '230516833e', '1.0 %', '2023-06-28 06:17:22.763', '2023-06-28 06:17:22.763', NULL);
INSERT INTO public.parameter VALUES ('P230628c3ee', '23051582a8', '850 X 70''', '2023-06-28 06:36:34', '2023-06-28 06:36:34', NULL);
INSERT INTO public.parameter VALUES ('P230628d84b', '230515a1f6', '630 X 120''', '2023-06-28 06:36:56.777', '2023-06-28 06:36:56.777', NULL);
INSERT INTO public.parameter VALUES ('P230628389d', '230516833e', '0.45 %', '2023-06-28 06:39:42.175', '2023-06-28 06:39:42.175', NULL);
INSERT INTO public.parameter VALUES ('P230703a8b9', '230515a1f6', '180 X 90''', '2023-07-03 03:03:34.845', '2023-07-03 03:03:34.845', NULL);
INSERT INTO public.parameter VALUES ('P2307030639', 'PK2307031ce8', '( 840 ~ 890 C )', '2023-07-03 03:03:10.792', '2023-07-03 03:13:42.156', NULL);
INSERT INTO public.parameter VALUES ('P230704baeb', '23051582a8', '860 X 70''', '2023-07-04 02:41:46.864', '2023-07-04 02:41:46.864', NULL);
INSERT INTO public.parameter VALUES ('2305162e35', '230515a1f6', '370 X 90''', '2023-05-16 04:57:16.978', '2023-07-04 02:43:36.576', NULL);
INSERT INTO public.parameter VALUES ('P23070448c8', '230516833e', '0.30%', '2023-07-04 02:43:45.227', '2023-07-04 02:43:45.227', NULL);
INSERT INTO public.parameter VALUES ('P230704ae5d', '230515a1f6', '330 X 60''', '2023-07-04 09:40:39.986', '2023-07-04 09:40:39.986', NULL);
INSERT INTO public.parameter VALUES ('P230704f319', 'PK2306287e2a', '920X90''', '2023-07-04 10:05:40.445', '2023-07-04 10:05:40.445', NULL);
INSERT INTO public.parameter VALUES ('P230704c56f', '230515a1f6', '150X120''', '2023-07-04 10:05:57.987', '2023-07-04 10:05:57.987', NULL);
INSERT INTO public.parameter VALUES ('P2307049d60', '230516833e', '0.8 %', '2023-07-04 10:06:14.869', '2023-07-04 10:06:14.869', NULL);
INSERT INTO public.parameter VALUES ('P2307059ddd', '230516833e', '0.90%', '2023-07-05 03:54:39.655', '2023-07-05 03:54:39.655', NULL);
INSERT INTO public.parameter VALUES ('P230705c135', '230515a1f6', '250 X 120''', '2023-07-05 03:58:07.84', '2023-07-05 03:58:07.84', NULL);
INSERT INTO public.parameter VALUES ('P2307063341', '230515a1f6', '180 x 108''', '2023-07-06 04:00:00.92', '2023-07-06 04:00:00.92', NULL);
INSERT INTO public.parameter VALUES ('P2307066826', '23051582a8', '870X120''', '2023-07-06 04:08:46.637', '2023-07-06 04:08:46.637', NULL);
INSERT INTO public.parameter VALUES ('P230706c680', '230515a1f6', '580 X 90''', '2023-07-06 04:09:08.328', '2023-07-06 04:09:08.328', NULL);
INSERT INTO public.parameter VALUES ('P230707ad7d', '23051582a8', '860 X 70''', '2023-07-07 10:59:02.692', '2023-07-07 10:59:02.692', NULL);
INSERT INTO public.parameter VALUES ('P230707d839', '230515a1f6', '370 X 90''', '2023-07-07 10:59:17.997', '2023-07-07 10:59:17.997', NULL);
INSERT INTO public.parameter VALUES ('P230707a80d', '230516833e', '0.30%', '2023-07-07 10:59:32.901', '2023-07-07 10:59:32.901', NULL);
INSERT INTO public.parameter VALUES ('P2307079201', 'PK2306287e2a', '880 x 72''', '2023-07-07 11:07:38.07', '2023-07-07 11:07:38.07', NULL);
INSERT INTO public.parameter VALUES ('P2307074a32', '230515a1f6', '360 X 75''', '2023-07-07 11:08:00.066', '2023-07-07 11:08:00.066', NULL);
INSERT INTO public.parameter VALUES ('P23070742d1', 'PK2306287e2a', '880 x 60''', '2023-07-07 11:12:28.512', '2023-07-07 11:12:28.512', NULL);
INSERT INTO public.parameter VALUES ('P2307104cba', '230516833e', '0.40 %', '2023-07-10 01:47:09.306', '2023-07-10 01:47:09.306', NULL);
INSERT INTO public.parameter VALUES ('P2307123d43', '23051582a8', '850 C X 90''', '2023-07-12 06:15:21.27', '2023-07-12 06:15:21.27', NULL);
INSERT INTO public.parameter VALUES ('P2307128f4b', '230515a1f6', '450 C X 90''', '2023-07-12 06:15:45.4', '2023-07-12 06:15:45.4', NULL);
INSERT INTO public.parameter VALUES ('P2307128d8a', '230515a1f6', '335 X 65''', '2023-07-12 07:38:25.868', '2023-07-12 07:38:25.868', NULL);
INSERT INTO public.parameter VALUES ('P230718567c', '23051582a8', '850 X 70''', '2023-07-18 04:41:24.269', '2023-07-18 04:41:24.269', NULL);
INSERT INTO public.parameter VALUES ('P2307183ec9', '230515a1f6', '580 X 120''', '2023-07-18 04:41:45.719', '2023-07-18 04:41:45.719', NULL);
INSERT INTO public.parameter VALUES ('P2307182e13', '230516833e', '0.75%', '2023-07-18 04:41:57.471', '2023-07-18 04:41:57.471', NULL);
INSERT INTO public.parameter VALUES ('P2307313cd0', '23051582a8', '870 x 240''', '2023-07-31 03:50:55.112', '2023-07-31 03:50:55.112', NULL);
INSERT INTO public.parameter VALUES ('P2307317066', '230515a1f6', '560 x 240''', '2023-07-31 03:51:17.673', '2023-07-31 03:51:17.673', NULL);
INSERT INTO public.parameter VALUES ('P2307310490', '230516833e', '0.37 %', '2023-07-31 03:51:43.598', '2023-07-31 03:51:43.598', NULL);
INSERT INTO public.parameter VALUES ('P2307310ad0', '230515a1f6', '520 x 240''', '2023-07-31 04:13:09.354', '2023-07-31 04:13:09.354', NULL);
INSERT INTO public.parameter VALUES ('P23080987c9', '230515a1f6', '650 X 140''', '2023-08-09 09:02:31.893', '2023-08-09 09:02:31.893', NULL);
INSERT INTO public.parameter VALUES ('P230818636c', 'PK230818f4de', '890 X 60''', '2023-08-18 07:19:38.396', '2023-08-22 08:43:34.715', NULL);
INSERT INTO public.parameter VALUES ('P2308226f18', 'PK230818f4de', '930 X 120''', '2023-08-22 08:47:27.135', '2023-08-22 08:47:27.135', NULL);
INSERT INTO public.parameter VALUES ('P23082255f0', 'PK230822399f', 'UPDATE', '2023-08-22 10:09:17.17', '2023-08-22 10:09:17.17', NULL);
INSERT INTO public.parameter VALUES ('P2308232c12', '23051582a8', '850 C X 30''', '2023-08-23 04:29:06.972', '2023-08-23 04:31:46.142', NULL);
INSERT INTO public.parameter VALUES ('P230823550d', '230515a1f6', '500 C X 60''', '2023-08-23 04:34:12.1', '2023-08-23 04:34:12.1', NULL);
INSERT INTO public.parameter VALUES ('P230822fb1f', 'PK230818f4de', '870 C X 90''', '2023-08-22 08:48:42.188', '2023-08-23 04:38:57.579', NULL);
INSERT INTO public.parameter VALUES ('P23071013b8', '23051582a8', '870 C X 90''', '2023-07-10 01:45:55.998', '2023-08-23 04:39:23.69', NULL);
INSERT INTO public.parameter VALUES ('P230710da89', '230515a1f6', '500 C X 90''', '2023-07-10 01:46:26.066', '2023-08-23 04:40:29.203', NULL);
INSERT INTO public.parameter VALUES ('P2308233a63', '230515a1f6', '480 C X 60''', '2023-08-23 04:45:30.05', '2023-08-23 04:45:30.05', NULL);
INSERT INTO public.parameter VALUES ('P2308230a8d', '230516833e', '0.50 %', '2023-08-23 04:47:13.478', '2023-08-23 04:47:13.478', NULL);
INSERT INTO public.parameter VALUES ('P230901449e', '230515a1f6', '570 C X 90''', '2023-09-01 07:35:15.573', '2023-09-01 07:35:15.573', NULL);
INSERT INTO public.parameter VALUES ('2305158962', '23051582a8', '860 C X 60''', '2023-05-15 10:59:20.857', '2023-09-01 07:37:09.069', NULL);
INSERT INTO public.parameter VALUES ('P230901abfb', '230516833e', '0.55%', '2023-09-01 08:43:38.437', '2023-09-01 08:43:38.437', NULL);
INSERT INTO public.parameter VALUES ('P23090147cc', '23051582a8', '860 X 60', '2023-09-01 08:43:55.559', '2023-09-01 08:43:55.559', NULL);
INSERT INTO public.parameter VALUES ('P230901093b', '230515a1f6', '620 X 120''', '2023-09-01 08:44:20.025', '2023-09-01 08:44:20.025', NULL);
INSERT INTO public.parameter VALUES ('P230904a408', 'PK2306287e2a', '880 x 50''', '2023-09-04 03:38:11.593', '2023-09-04 03:38:11.593', NULL);
INSERT INTO public.parameter VALUES ('P230904019b', '230515a1f6', '320 X 75''', '2023-09-04 03:38:34.387', '2023-09-04 03:38:34.387', NULL);
INSERT INTO public.parameter VALUES ('P2309060af5', 'PK2306287e2a', '880 X 45', '2023-09-06 07:50:25.758', '2023-09-06 07:50:25.758', NULL);
INSERT INTO public.parameter VALUES ('P23090651ec', '230515a1f6', '180 X 55''', '2023-09-06 07:50:55.387', '2023-09-06 07:50:55.387', NULL);


--
-- Data for Name: role; Type: TABLE DATA; Schema: public; Owner: postgres
--

INSERT INTO public.role VALUES ('26c100d8-64d7-48c8-1252-47bcd5a7a0e6-1677662729', 'admin', '2023-03-01 16:57:27', '2023-03-01 16:57:29');
INSERT INTO public.role VALUES ('1678783322-68f730b9-3b9f-4ac3-a382-7733f4be577e', 'Finance', '2023-04-03 20:27:00.097', '2023-03-14 01:42:02.365');
INSERT INTO public.role VALUES ('R23063018fd', 'Testing', '2023-06-30 09:16:46.427', '2023-06-30 09:16:46.427');
INSERT INTO public.role VALUES ('039556db-fb53-46a4-0e1c-87eab77c4b0f-1677664761', 'user', '2023-07-31 03:18:47.837', '2023-03-01 09:59:21.01');
INSERT INTO public.role VALUES ('R230802887b', 'PPIC', '2023-08-02 06:10:51.988', '2023-08-02 06:10:51.988');
INSERT INTO public.role VALUES ('R230801a683', 'Quality Control', '2023-08-02 09:02:59.866', '2023-08-01 02:41:03.996');
INSERT INTO public.role VALUES ('R230801467f', 'Engineering', '2023-08-02 09:03:12.673', '2023-08-01 02:35:10.393');
INSERT INTO public.role VALUES ('R230802ba1b', 'Produksi Conveyor', '2023-08-23 01:36:17.038', '2023-08-02 09:02:40.96');
INSERT INTO public.role VALUES ('R230823220d', 'Produksi Batch Type', '2023-08-23 01:36:56.279', '2023-08-23 01:36:56.279');
INSERT INTO public.role VALUES ('R230823da93', 'SUPER ADMIN', '2023-08-23 04:16:34.355', '2023-08-23 04:16:34.355');
INSERT INTO public.role VALUES ('R2308239341', 'PURCHASING', '2023-08-23 04:44:01.257', '2023-08-23 04:44:01.257');
INSERT INTO public.role VALUES ('R230823bbe3', 'SUPERVISOR PPIC', '2023-08-28 03:01:33.858', '2023-08-23 04:13:10.255');


--
-- Data for Name: user_pengguna; Type: TABLE DATA; Schema: public; Owner: postgres
--

INSERT INTO public.user_pengguna VALUES ('26c100d8-64d7-48c8-1252-47bcd5a7a0e6-1677662729', 'admin@gmail.com', 'admin', 'admin', '2023-03-01 16:58:21', '2023-03-01 16:58:23', '26c100d8-64d7-48c8-1252-47bcd5a7a0e6-1677662729');
INSERT INTO public.user_pengguna VALUES ('1678516362-f8cf036e-f848-4779-394f-51c7836491c0', 'dsd', 'dsd', 'ddsd', '2023-03-11 06:32:42.725', '2023-03-11 06:32:42.725', '039556db-fb53-46a4-0e1c-87eab77c4b0f-1677664761');
INSERT INTO public.user_pengguna VALUES ('2d729f2d-5283-4e54-3313-8d4ab37a92ae-1677664788', 'user@gmail.com', 'new user', '12345678', '2023-03-01 09:59:48.185', '2023-03-11 07:20:25.028', '26c100d8-64d7-48c8-1252-47bcd5a7a0e6-1677662729');
INSERT INTO public.user_pengguna VALUES ('1678783341-93293c5b-7300-4051-2715-e9153a3bb689', 'finance@gmail.com', 'ahmadfinance', '123', '2023-03-14 08:42:21.408', '2023-03-14 08:44:20.209', '1678783322-68f730b9-3b9f-4ac3-a382-7733f4be577e');
INSERT INTO public.user_pengguna VALUES ('UP230628e4ff', 'anas@gmail.com', 'Anas', '123', '2023-06-28 02:11:06.526', '2023-06-28 02:11:06.526', '26c100d8-64d7-48c8-1252-47bcd5a7a0e6-1677662729');
INSERT INTO public.user_pengguna VALUES ('UP23080270c7', 'Email 1', 'Test 1', 'Test 1', '2023-08-02 04:29:46.427', '2023-08-02 04:29:46.427', 'R23063018fd');
INSERT INTO public.user_pengguna VALUES ('UP2308025291', 'conveyorpit', 'Conveyor Pit', 'conveyorpit', '2023-08-02 09:02:22.497', '2023-08-02 09:20:38.738', 'R230802ba1b');
INSERT INTO public.user_pengguna VALUES ('UP2308016d21', 'qc.indoheat@gmail.com', 'QC', 'qcimi123', '2023-08-01 02:40:18.255', '2023-08-09 08:05:21.173', 'R230801a683');
INSERT INTO public.user_pengguna VALUES ('UP2308220d90', 'engineering@indoheat.co.id', 'Karyanto', 'pe12345', '2023-08-22 08:31:16.993', '2023-08-22 11:54:57.03', 'R230801467f');
INSERT INTO public.user_pengguna VALUES ('UP230802e7d3', 'batchinduction', 'Batch Induction', 'batchinduction', '2023-08-02 09:22:10.617', '2023-08-23 01:15:56.055', 'R230802ba1b');
INSERT INTO public.user_pengguna VALUES ('UP23082302c2', 'Batchtype', 'wawan', 'bt12345', '2023-08-23 01:16:35.219', '2023-08-23 01:37:48.904', 'R230823220d');
INSERT INTO public.user_pengguna VALUES ('UP23073161de', 'ppic@indoheat.co.id', 'WULAN', '12345', '2023-07-31 03:15:52.179', '2023-08-23 04:09:05.817', 'R230802887b');
INSERT INTO public.user_pengguna VALUES ('UP230823d633', 'PPIC', 'LIES DEVI', 'ppic2', '2023-08-23 04:15:59.1', '2023-08-23 04:16:51.336', 'R230823da93');
INSERT INTO public.user_pengguna VALUES ('UP230823a404', 'PPIC 1', 'M ASEP', 'ppic1', '2023-08-23 04:22:41.046', '2023-08-23 04:22:41.046', 'R230802887b');
INSERT INTO public.user_pengguna VALUES ('UP2308234376', 'PURCHASING 2', 'FIDA', 'prch2', '2023-08-23 04:43:36.737', '2023-08-23 04:44:36.407', 'R2308239341');
INSERT INTO public.user_pengguna VALUES ('UP230823c4e9', 'PURCHASING 1', 'KERTO', 'prch1', '2023-08-23 04:46:12.155', '2023-08-23 04:46:12.155', 'R2308239341');
INSERT INTO public.user_pengguna VALUES ('UP2308233fb8', 'Batchtype group D', 'AFRIANSYAH', 'frian5758', '2023-08-23 10:40:59.574', '2023-08-23 10:40:59.574', 'R230823220d');
INSERT INTO public.user_pengguna VALUES ('UP230802fe74', 'indoheatdidi@yahoo.co.id', 'DIDI KURNIADI', 'didi12', '2023-08-02 06:09:39.302', '2023-08-28 03:09:06.685', 'R230823bbe3');
INSERT INTO public.user_pengguna VALUES ('UP230828f872', 'ADVISOR', 'MATTHEW PRATAMA', 'advisor', '2023-08-28 04:03:07.369', '2023-08-28 04:03:07.369', 'R230823bbe3');


--
-- Data for Name: user_login; Type: TABLE DATA; Schema: public; Owner: postgres
--

INSERT INTO public.user_login VALUES ('1679748892-91564ede-c909-4918-881a-9765f3d844b7', '26c100d8-64d7-48c8-1252-47bcd5a7a0e6-1677662729', '2023-04-25 12:54:52.62', '2023-03-25 12:54:52.632', '2023-03-25 12:54:52.632');
INSERT INTO public.user_login VALUES ('1679748940-c7193653-039a-4e9a-2985-6335b3f0b3c2', '2d729f2d-5283-4e54-3313-8d4ab37a92ae-1677664788', '2023-04-25 12:55:40.773', '2023-03-25 12:55:40.782', '2023-03-25 12:55:40.782');
INSERT INTO public.user_login VALUES ('1679748936-1a8b2493-016e-4084-82e8-cc2f12cafb27', '1678516362-f8cf036e-f848-4779-394f-51c7836491c0', '2023-04-28 14:54:12.456', '2023-03-25 12:55:36.127', '2023-03-28 14:54:12.468');
INSERT INTO public.user_login VALUES ('1679748900-c8838b60-27ea-4701-ba33-416605c5e7d6', '1678783341-93293c5b-7300-4051-2715-e9153a3bb689', '2023-04-28 15:10:31.828', '2023-03-25 12:55:00.516', '2023-03-28 15:10:31.833');


--
-- PostgreSQL database dump complete
--

