--
-- PostgreSQL database dump
--

-- Dumped from database version 15.3 (Ubuntu 15.3-1.pgdg22.04+1)
-- Dumped by pg_dump version 15.3

SET statement_timeout = 0;
SET lock_timeout = 0;
SET idle_in_transaction_session_timeout = 0;
SET client_encoding = 'UTF8';
SET standard_conforming_strings = on;
SELECT pg_catalog.set_config('search_path', '', false);
SET check_function_bodies = false;
SET xmloption = content;
SET client_min_messages = warning;
SET row_security = off;

--
-- Data for Name: customer; Type: TABLE DATA; Schema: public; Owner: postgres
--

INSERT INTO public.customer VALUES ('2305156df0', 'PT. DHARMA PRECISION PARTS', '2023-05-15 08:41:59.797', '2023-05-15 08:41:59.797', '1234', '08521233433', 'Jl. Inti Raya Blok C3 / 12 Bekasi International Industrial Estate, Lemah Abang Kabupaten Bekasi, West Java, 17550 Indonesia', 'BPK YULI', true);
INSERT INTO public.customer VALUES ('230516a9b9', 'PT. KOMATSU UNDERCARRIAGE INDONESIA', '2023-05-16 03:18:34.311', '2023-05-16 03:18:34.311', ' 01.869.347.3-055.000', '021 8937575', 'JL. JABABEKA XI Blok H No.16 RT:000 RW:000 Kel.HARJA MEKAR Kec.CIKARANG UTARA Kota/Kab.BEKASI JAWA BARAT 17530', 'Bpk Nur Hidayat', true);
INSERT INTO public.customer VALUES ('230515e348', 'PT. SEOUL PRECISION METAL', '2023-05-15 04:03:52.375', '2023-06-10 05:19:10.527', '12345678', '0218936355', 'Jl. Jababeka VII B Blok K 2P-2Q Kawasan Industri Jababeka I, Cikarang, 17530 Bekasi - Indonesia', 'Ibu Sera', true);
INSERT INTO public.customer VALUES ('C23062811b6', 'PT. RICAR PRESISI INDUSTRI', '2023-06-28 03:03:38.907', '2023-06-28 03:03:38.907', '01', '+62021-29514208', 'Kawasan Graha Industrial Estate KAV B1 Kp Peuteuy RT003/Rw.001 Desa Tobat Balaraja Tanggerang Banten', 'Ibu Yani', true);
INSERT INTO public.customer VALUES ('C230628f36c', 'PT. SANKEI GOHSYU INDUSTRIES', '2023-06-28 06:51:35.451', '2023-06-28 06:51:35.451', '0', '021-8980111', 'MM 2100 INDUSTRIAL TOWN BLOCK J-8 CIKARANG BARAT, BEKASI', '', true);


--
-- Data for Name: po; Type: TABLE DATA; Schema: public; Owner: postgres
--

INSERT INTO public.po VALUES ('PO2306280434', '230516a9b9', 'PO01', '2023-06-27', '2023-06-29', '2023-06-28 02:15:56.721', '2023-06-28 02:15:56.721');
INSERT INTO public.po VALUES ('PO230628ffac', '230515e348', '''20230627-01', '2023-06-27', '2023-06-29', '2023-06-28 02:25:20.494', '2023-06-28 02:25:20.494');
INSERT INTO public.po VALUES ('PO23062871b5', '230516a9b9', 'LC1003921', '2023-06-26', '2023-06-28', '2023-06-28 04:09:10.058', '2023-06-28 04:09:10.058');
INSERT INTO public.po VALUES ('PO2306288259', '230515e348', '20230627-01', '2023-06-27', '2023-06-27', '2023-06-28 05:03:54.059', '2023-06-28 05:03:54.059');
INSERT INTO public.po VALUES ('PO230628d8ad', 'C230628f36c', '0012-SGI-IMI-06-23-HTI', '2023-06-28', '2023-07-03', '2023-06-28 06:55:09.291', '2023-06-28 06:55:09.291');
INSERT INTO public.po VALUES ('PO2306281e25', 'C23062811b6', 'HT-230623', '2023-06-27', '2023-06-29', '2023-06-28 07:45:35.407', '2023-06-28 07:45:35.407');
INSERT INTO public.po VALUES ('PO230629f9c7', 'C230628f36c', 'SANKEIPO', '2023-06-29', '2023-06-29', '2023-06-29 14:25:18.912', '2023-06-29 14:25:18.912');
INSERT INTO public.po VALUES ('PO230630551a', 'C230628f36c', '0012', '2023-06-28', '2023-06-30', '2023-06-30 03:21:56.661', '2023-06-30 03:21:56.661');
INSERT INTO public.po VALUES ('PO23063007d8', '230515e348', '20230630-01', '2023-06-30', '2023-07-03', '2023-06-30 03:33:50.457', '2023-06-30 03:33:50.457');
INSERT INTO public.po VALUES ('PO23063066b5', 'C230628f36c', '0012-TRIAL', '2023-06-28', '2023-07-03', '2023-06-30 07:00:03.929', '2023-06-30 07:00:03.929');
INSERT INTO public.po VALUES ('PO2306301c33', 'C23062811b6', 'HT-230623 TRIAL', '2023-06-27', '2023-06-30', '2023-06-30 10:39:22.385', '2023-06-30 10:39:22.385');


--
-- Data for Name: customer_sppb_in; Type: TABLE DATA; Schema: public; Owner: postgres
--

INSERT INTO public.customer_sppb_in VALUES ('SPPBIN230628a300', 'SJ01', '2023-06-28 02:16:36.984', '2023-06-28 02:16:55.906', 'PO2306280434', '2023-06-29', 'LOT01');
INSERT INTO public.customer_sppb_in VALUES ('SPPBIN230628c00e', 'SJ02', '2023-06-28 02:17:10.266', '2023-06-28 02:17:10.266', 'PO2306280434', '2023-06-29', 'LOT02');
INSERT INTO public.customer_sppb_in VALUES ('SPPBIN2306284f85', '''004.207', '2023-06-28 02:26:34.352', '2023-06-28 02:44:46.425', 'PO230628ffac', '2023-06-27', '270623-IMI');
INSERT INTO public.customer_sppb_in VALUES ('SPPBIN230628e885', '23060664', '2023-06-28 04:09:56.736', '2023-06-28 04:09:56.736', 'PO23062871b5', '2023-06-28', '010423');
INSERT INTO public.customer_sppb_in VALUES ('SPPBIN2306288a59', '0012-SGI-IMI-06-23-HTI', '2023-06-28 06:56:15.658', '2023-06-28 06:56:15.658', 'PO230628d8ad', '2023-06-28', '2306-07');
INSERT INTO public.customer_sppb_in VALUES ('SPPBIN2306285db1', 'HT-230623', '2023-06-28 07:46:38.607', '2023-06-28 07:46:38.607', 'PO2306281e25', '2023-06-27', '230152');
INSERT INTO public.customer_sppb_in VALUES ('SPPBIN230629ffd1', 'SNK/01/01', '2023-06-29 14:25:58.157', '2023-06-30 02:58:14.691', 'PO230629f9c7', '2023-06-29', 'SNK/0012');
INSERT INTO public.customer_sppb_in VALUES ('SPPBIN230630c4df', '0012-SGI-IMI-06-023-HTI', '2023-06-30 03:23:25.214', '2023-06-30 03:23:25.214', 'PO230630551a', '2023-06-28', '2306-07');
INSERT INTO public.customer_sppb_in VALUES ('SPPBIN23063066e2', '20230630-01', '2023-06-30 03:35:05.643', '2023-06-30 03:35:05.643', 'PO23063007d8', '2023-06-30', '300623-IMI');
INSERT INTO public.customer_sppb_in VALUES ('SPPBIN23063026cd', '0012-SGI-IMI-06-023-HTI', '2023-06-30 07:02:48.62', '2023-06-30 07:02:48.62', 'PO23063066b5', '2023-06-28', '2306-07');
INSERT INTO public.customer_sppb_in VALUES ('SPPBIN2306308fe0', 'HT-230623 TRIAL', '2023-06-30 10:40:14.209', '2023-06-30 10:40:14.209', 'PO2306301c33', '2023-06-27', '230251-4');


--
-- Data for Name: customer_sppb_out; Type: TABLE DATA; Schema: public; Owner: postgres
--

INSERT INTO public.customer_sppb_out VALUES ('SPPBO230628cda0', '230516a9b9', '2023-06-28 02:19:56.202', '2023-06-28 02:19:56.202', '[{"id_po":"PO2306280434","sppb_in":[{"id_sppb_in":"SPPBIN230628a300","items":{"SPPBINITM2306289f75":{"master_item_id":"MI230628c6f3","qty1":55.5}}},{"id_sppb_in":"SPPBIN230628c00e","items":{"SPPBINITM230628d352":{"master_item_id":"MI230628c6f3","qty1":44.5}}}]}]', '2023-06-01', 'SJ/IMI/00001', '1680726944-ff3f0a54-faea-4376-8cbb-01f24c5cb4b3');
INSERT INTO public.customer_sppb_out VALUES ('SPPBO23062866f1', '230515e348', '2023-06-28 02:51:57.6', '2023-06-28 02:51:57.6', '[{"id_po":"PO230628ffac","sppb_in":[{"id_sppb_in":"SPPBIN2306284f85","items":{"SPPBINITM2306280dbe":{"master_item_id":"MI23062801b1","qty1":1851.4,"qty2":90}}}]}]', '2023-06-28', 'SJ/IMI/00002', '1680726921-fbdcb20a-8552-4fea-92e2-fcd7c91f96b9');
INSERT INTO public.customer_sppb_out VALUES ('SPPBO23062919ba', 'C230628f36c', '2023-06-29 14:34:43.947', '2023-06-29 14:34:43.947', '[{"id_po":"PO230629f9c7","sppb_in":[{"id_sppb_in":"SPPBIN230629ffd1","items":{"SPPBINITM2306292dc4":{"master_item_id":"MI230628931d","qty1":200},"SPPBINITM23062985b9":{"master_item_id":"MI23062820e4","qty1":500},"SPPBINITM2306297eee":{"master_item_id":"MI2306285f06","qty1":200}}}]}]', '2023-06-29', 'SJ/IMI/00003', '1680726921-fbdcb20a-8552-4fea-92e2-fcd7c91f96b9');
INSERT INTO public.customer_sppb_out VALUES ('SPPBO2306301cad', 'C230628f36c', '2023-06-30 07:56:12.053', '2023-06-30 07:56:12.053', '[{"id_po":"PO23063066b5","sppb_in":[{"id_sppb_in":"SPPBIN23063026cd","items":{"SPPBINITM2306304fff":{"master_item_id":"MI2306285f06","qty1":819,"qty2":832}}}]},{"id_po":"PO230628d8ad","sppb_in":[{"id_sppb_in":"SPPBIN2306288a59","items":{"SPPBINITM23062862ec":{"master_item_id":"MI2306285f06","qty1":990,"qty2":1006}}}]}]', '2023-06-30', 'SJ/IMI/00004', '1680726921-fbdcb20a-8552-4fea-92e2-fcd7c91f96b9');


--
-- Data for Name: document_number; Type: TABLE DATA; Schema: public; Owner: postgres
--

INSERT INTO public.document_number VALUES ('23041225043', 'IMI/FORM/PPC/01-04', 'Untuk doc 1', '2023-04-11 20:18:45.048', '2023-05-29 15:24:58.963', '2020-10-2', '00', 'AA');


--
-- Data for Name: hardness_kategori; Type: TABLE DATA; Schema: public; Owner: postgres
--

INSERT INTO public.hardness_kategori VALUES ('1680342497-d5d4a9d8-abf9-445b-a848-78755116c2b7', 'h_kat', '2023-04-01 09:48:17.111', '2023-04-01 10:35:05.228');
INSERT INTO public.hardness_kategori VALUES ('1680550201-0d7cabec-6066-4499-9647-cb79a460041b', 'kat_h', '2023-04-03 19:30:01.245', '2023-04-03 19:30:01.245');
INSERT INTO public.hardness_kategori VALUES ('23051450947', 'Kategori Hardness', '2023-05-14 15:59:10.948', '2023-05-14 15:59:10.948');
INSERT INTO public.hardness_kategori VALUES ('2305154d26', 'SURFACE', '2023-05-15 10:59:53.14', '2023-05-15 10:59:53.14');
INSERT INTO public.hardness_kategori VALUES ('2305158842', 'CORE', '2023-05-15 10:59:59.367', '2023-05-15 10:59:59.367');
INSERT INTO public.hardness_kategori VALUES ('230515bd6b', 'CASE DEPTH', '2023-05-15 11:00:07.58', '2023-05-15 11:00:07.58');


--
-- Data for Name: hardness; Type: TABLE DATA; Schema: public; Owner: postgres
--

INSERT INTO public.hardness VALUES ('230515f7f1', '2305154d26', 'MIN 450HV', '2023-05-15 11:01:24.116', '2023-05-15 11:01:24.116', NULL);
INSERT INTO public.hardness VALUES ('230515bca1', '2305158842', '270 ~ 370 HV', '2023-05-15 11:01:43.462', '2023-05-15 11:01:43.462', NULL);
INSERT INTO public.hardness VALUES ('23051526c6', '230515bd6b', 'MIN 420HV - MAX 420HV', '2023-05-15 11:02:10.695', '2023-05-15 11:02:10.695', NULL);
INSERT INTO public.hardness VALUES ('230516fde5', '2305154d26', '269 ~ 311 HB', '2023-05-16 04:55:51.548', '2023-05-16 04:55:51.548', NULL);
INSERT INTO public.hardness VALUES ('H23062838db', '2305154d26', '460 - 600 HV', '2023-06-28 03:05:24.82', '2023-06-28 03:05:24.82', NULL);
INSERT INTO public.hardness VALUES ('H2306288a45', '2305158842', '250 - 380 HV', '2023-06-28 03:05:46.399', '2023-06-28 03:05:46.399', NULL);
INSERT INTO public.hardness VALUES ('H2306288308', '230515bd6b', 'MIN 470HV - MAX 420 HV', '2023-06-28 03:08:31.182', '2023-06-28 03:08:31.182', '0.10mm-0.23mm');
INSERT INTO public.hardness VALUES ('H2306289de9', '2305154d26', '207 - 241 HB', '2023-06-28 06:40:16.272', '2023-06-28 06:40:16.272', NULL);
INSERT INTO public.hardness VALUES ('H2306289e69', '2305158842', '218 - 253 HV', '2023-06-28 06:40:38.837', '2023-06-28 06:40:38.837', NULL);


--
-- Data for Name: instruksi_kanban; Type: TABLE DATA; Schema: public; Owner: postgres
--

INSERT INTO public.instruksi_kanban VALUES ('1677935055-d89abd0e-551f-436b-a599-984f88011f22', 'cetak', '2023-03-04 13:04:15.063', '2023-03-04 13:04:15.063');
INSERT INTO public.instruksi_kanban VALUES ('1678473103-d45eb19c-5f95-494a-8922-e7e43ee904f9', 'print', '2023-03-10 18:31:43.734', '2023-03-10 18:31:43.734');
INSERT INTO public.instruksi_kanban VALUES ('230515f08c', 'Proses 1', '2023-05-14 18:02:07.259', '2023-05-14 18:02:07.259');
INSERT INTO public.instruksi_kanban VALUES ('23051576e4', 'INDUCTION', '2023-05-15 08:44:16.059', '2023-05-15 08:44:33.848');
INSERT INTO public.instruksi_kanban VALUES ('230515d133', 'CARBURIZING', '2023-05-15 11:09:22.907', '2023-05-15 11:09:22.907');
INSERT INTO public.instruksi_kanban VALUES ('230516e62c', 'QUENCHING TEMPERING', '2023-05-16 04:46:11.943', '2023-05-16 04:46:11.943');
INSERT INTO public.instruksi_kanban VALUES ('230516432e', 'QUENCHING TEMPERING BATCH TYPE', '2023-05-16 07:27:09.818', '2023-05-16 07:27:09.818');
INSERT INTO public.instruksi_kanban VALUES ('IK2306285687', 'PT. SANKEI GOHSYU INDUSTRIES', '2023-06-28 07:07:36.029', '2023-06-28 07:07:36.029');


--
-- Data for Name: kanban; Type: TABLE DATA; Schema: public; Owner: postgres
--

INSERT INTO public.kanban VALUES ('KNB2306286f3f', 'PO2306280434', '2023-06-28 02:17:31.358', '2023-06-28 02:17:31.358', 'SPPBIN230628a300', 'KNB01', '26c100d8-64d7-48c8-1252-47bcd5a7a0e6-1677662729', NULL, '26c100d8-64d7-48c8-1252-47bcd5a7a0e6-1677662729', '0', '23041225043', 'KNB/IMI/00001', '{"SPPBINITM2306289f75":["230525c8c9"]}');
INSERT INTO public.kanban VALUES ('KNB230628ff34', 'PO2306280434', '2023-06-28 02:17:45.714', '2023-06-28 02:17:45.714', 'SPPBIN230628c00e', 'KNB02', '26c100d8-64d7-48c8-1252-47bcd5a7a0e6-1677662729', NULL, '26c100d8-64d7-48c8-1252-47bcd5a7a0e6-1677662729', '0', '23041225043', 'KNB/IMI/00001', '{"SPPBINITM230628d352":["2305285d3b"]}');
INSERT INTO public.kanban VALUES ('KNB2306287ff1', 'PO230628ffac', '2023-06-28 02:45:15.519', '2023-06-28 02:45:15.519', 'SPPBIN2306284f85', 'PALET 1', '26c100d8-64d7-48c8-1252-47bcd5a7a0e6-1677662729', NULL, '26c100d8-64d7-48c8-1252-47bcd5a7a0e6-1677662729', '0', '23041225043', 'KNB/IMI/00003', '{"SPPBINITM2306280dbe":["M2306284e3f"]}');
INSERT INTO public.kanban VALUES ('KNB2306282379', 'PO230628d8ad', '2023-06-28 06:57:28.618', '2023-06-28 06:57:28.618', 'SPPBIN2306288a59', NULL, '26c100d8-64d7-48c8-1252-47bcd5a7a0e6-1677662729', NULL, '26c100d8-64d7-48c8-1252-47bcd5a7a0e6-1677662729', '0', '23041225043', 'KNB/IMI/00004', '{"SPPBINITM23062862ec":["M2306289d5c"]}');
INSERT INTO public.kanban VALUES ('KNB230628e9fe', 'PO230628d8ad', '2023-06-28 06:58:11.918', '2023-06-28 06:58:11.918', 'SPPBIN2306288a59', NULL, '26c100d8-64d7-48c8-1252-47bcd5a7a0e6-1677662729', NULL, '26c100d8-64d7-48c8-1252-47bcd5a7a0e6-1677662729', '0', '23041225043', 'KNB/IMI/00005', '{"SPPBINITM23062862ec":["M2306289d5c"]}');
INSERT INTO public.kanban VALUES ('KNB2306284a28', 'PO230628d8ad', '2023-06-28 06:58:29.06', '2023-06-28 06:58:29.06', 'SPPBIN2306288a59', NULL, '26c100d8-64d7-48c8-1252-47bcd5a7a0e6-1677662729', NULL, '26c100d8-64d7-48c8-1252-47bcd5a7a0e6-1677662729', '0', '23041225043', 'KNB/IMI/00005', '{"SPPBINITM23062862ec":["M2306289d5c"]}');
INSERT INTO public.kanban VALUES ('KNB230628f83c', 'PO230628d8ad', '2023-06-28 06:58:56.593', '2023-06-28 06:58:56.593', 'SPPBIN2306288a59', NULL, '26c100d8-64d7-48c8-1252-47bcd5a7a0e6-1677662729', NULL, '26c100d8-64d7-48c8-1252-47bcd5a7a0e6-1677662729', '0', '23041225043', 'KNB/IMI/00006', '{"SPPBINITM23062862ec":["M2306289d5c"]}');
INSERT INTO public.kanban VALUES ('KNB230628c85d', 'PO230628d8ad', '2023-06-28 06:59:12.216', '2023-06-28 06:59:12.216', 'SPPBIN2306288a59', NULL, '26c100d8-64d7-48c8-1252-47bcd5a7a0e6-1677662729', NULL, '26c100d8-64d7-48c8-1252-47bcd5a7a0e6-1677662729', '0', '23041225043', 'KNB/IMI/00007', '{"SPPBINITM23062862ec":["M2306289d5c"]}');
INSERT INTO public.kanban VALUES ('KNB230628e65f', 'PO230628d8ad', '2023-06-28 06:59:30.905', '2023-06-28 06:59:30.905', 'SPPBIN2306288a59', NULL, '26c100d8-64d7-48c8-1252-47bcd5a7a0e6-1677662729', NULL, '26c100d8-64d7-48c8-1252-47bcd5a7a0e6-1677662729', '0', '23041225043', 'KNB/IMI/00008', '{"SPPBINITM23062862ec":["M2306289d5c"]}');
INSERT INTO public.kanban VALUES ('KNB2306286d40', 'PO230628d8ad', '2023-06-28 06:59:55.582', '2023-06-28 06:59:55.582', 'SPPBIN2306288a59', NULL, '26c100d8-64d7-48c8-1252-47bcd5a7a0e6-1677662729', NULL, '26c100d8-64d7-48c8-1252-47bcd5a7a0e6-1677662729', '0', '23041225043', 'KNB/IMI/00009', '{"SPPBINITM23062862ec":["M2306289d5c"]}');
INSERT INTO public.kanban VALUES ('KNB2306288a10', 'PO2306281e25', '2023-06-28 07:47:35.122', '2023-06-28 07:47:35.122', 'SPPBIN2306285db1', NULL, '26c100d8-64d7-48c8-1252-47bcd5a7a0e6-1677662729', NULL, '26c100d8-64d7-48c8-1252-47bcd5a7a0e6-1677662729', '0', '23041225043', 'KNB/IMI/00011', '{"SPPBINITM2306283291":["M230628c1e5"],"SPPBINITM230628fc91":["M230628c1e5"],"SPPBINITM230628b9fa":["M230628c1e5"]}');
INSERT INTO public.kanban VALUES ('KNB230629e818', 'PO230629f9c7', '2023-06-29 14:29:08.4', '2023-06-29 14:29:08.4', 'SPPBIN230629ffd1', NULL, '26c100d8-64d7-48c8-1252-47bcd5a7a0e6-1677662729', NULL, '26c100d8-64d7-48c8-1252-47bcd5a7a0e6-1677662729', '0', '23041225043', 'KNB/IMI/00012', '{"SPPBINITM2306297eee":["M2306289d5c"]}');
INSERT INTO public.kanban VALUES ('KNB2306293b2f', 'PO230629f9c7', '2023-06-29 14:29:22.258', '2023-06-29 14:29:22.258', 'SPPBIN230629ffd1', NULL, '26c100d8-64d7-48c8-1252-47bcd5a7a0e6-1677662729', NULL, '26c100d8-64d7-48c8-1252-47bcd5a7a0e6-1677662729', '0', '23041225043', 'KNB/IMI/00012', '{"SPPBINITM23062985b9":["M2306284e3f"]}');
INSERT INTO public.kanban VALUES ('KNB2306291101', 'PO230629f9c7', '2023-06-29 14:29:33.209', '2023-06-29 14:29:33.209', 'SPPBIN230629ffd1', NULL, '26c100d8-64d7-48c8-1252-47bcd5a7a0e6-1677662729', NULL, '26c100d8-64d7-48c8-1252-47bcd5a7a0e6-1677662729', '0', '23041225043', 'KNB/IMI/00013', '{"SPPBINITM2306292dc4":["M230628131e"]}');
INSERT INTO public.kanban VALUES ('KNB2306309863', 'PO230630551a', '2023-06-30 03:24:26.007', '2023-06-30 03:24:26.007', 'SPPBIN230630c4df', NULL, '26c100d8-64d7-48c8-1252-47bcd5a7a0e6-1677662729', NULL, '26c100d8-64d7-48c8-1252-47bcd5a7a0e6-1677662729', '0', '23041225043', 'KNB/IMI/00015', '{"SPPBINITM2306303ffd":["M2306289d5c"]}');
INSERT INTO public.kanban VALUES ('KNB230630afaf', 'PO23063066b5', '2023-06-30 07:08:05.118', '2023-06-30 07:08:05.118', 'SPPBIN23063026cd', NULL, '26c100d8-64d7-48c8-1252-47bcd5a7a0e6-1677662729', NULL, '26c100d8-64d7-48c8-1252-47bcd5a7a0e6-1677662729', '0', '23041225043', 'KNB/IMI/00016', '{"SPPBINITM2306306c51":["M2306289d5c"]}');
INSERT INTO public.kanban VALUES ('KNB23063054da', 'PO23063066b5', '2023-06-30 07:11:08.568', '2023-06-30 07:11:08.568', 'SPPBIN23063026cd', 'PRIORITAS TRIAL', '26c100d8-64d7-48c8-1252-47bcd5a7a0e6-1677662729', NULL, '26c100d8-64d7-48c8-1252-47bcd5a7a0e6-1677662729', '0', '23041225043', 'KNB/IMI/00017', '{"SPPBINITM2306304fff":["M2306289d5c"]}');
INSERT INTO public.kanban VALUES ('KNB2306300b93', 'PO2306301c33', '2023-06-30 10:41:25.049', '2023-06-30 10:41:25.049', 'SPPBIN2306308fe0', 'TRIAL', '26c100d8-64d7-48c8-1252-47bcd5a7a0e6-1677662729', NULL, '26c100d8-64d7-48c8-1252-47bcd5a7a0e6-1677662729', '0', '23041225043', 'KNB/IMI/00018', '{"SPPBINITM230630931c":["M230628c1e5"]}');
INSERT INTO public.kanban VALUES ('KNB230630b3d7', 'PO2306301c33', '2023-06-30 10:41:53.063', '2023-06-30 10:41:53.063', 'SPPBIN2306308fe0', 'TRIAL', '26c100d8-64d7-48c8-1252-47bcd5a7a0e6-1677662729', NULL, '26c100d8-64d7-48c8-1252-47bcd5a7a0e6-1677662729', '0', '23041225043', 'KNB/IMI/00018', '{"SPPBINITM230630cf12":["M230628c1e5"]}');
INSERT INTO public.kanban VALUES ('KNB230630da54', 'PO2306301c33', '2023-06-30 10:42:19.059', '2023-06-30 10:42:19.059', 'SPPBIN2306308fe0', 'TRIAL', '26c100d8-64d7-48c8-1252-47bcd5a7a0e6-1677662729', NULL, '26c100d8-64d7-48c8-1252-47bcd5a7a0e6-1677662729', '0', '23041225043', 'KNB/IMI/00019', '{"SPPBINITM2306307d46":["M230628c1e5"]}');


--
-- Data for Name: po_itemm; Type: TABLE DATA; Schema: public; Owner: postgres
--

INSERT INTO public.po_itemm VALUES ('POI23062850fd', 100, 'pcs', NULL, NULL, NULL, NULL, NULL, NULL, NULL, NULL, '2023-06-28 02:15:56.724', '2023-06-28 02:15:56.724', 'PO2306280434', 20000, 'MI230628c6f3');
INSERT INTO public.po_itemm VALUES ('POI23062884a4', 1851.4, 'kg', 90, 'box', NULL, NULL, NULL, NULL, NULL, NULL, '2023-06-28 02:25:20.496', '2023-06-28 02:25:20.496', 'PO230628ffac', 3100, 'MI23062801b1');
INSERT INTO public.po_itemm VALUES ('POI230628fc54', 72, 'pcs', 5, 'carton', NULL, NULL, NULL, NULL, NULL, NULL, '2023-06-28 04:09:10.06', '2023-06-28 04:09:10.06', 'PO23062871b5', 1000, 'MI230628931d');
INSERT INTO public.po_itemm VALUES ('POI2306289500', 6004, 'pcs', 6100, 'kg', NULL, NULL, NULL, NULL, NULL, NULL, '2023-06-28 06:55:09.294', '2023-06-28 06:55:09.294', 'PO230628d8ad', 2600, 'MI2306285f06');
INSERT INTO public.po_itemm VALUES ('POI230628ba6d', 106.2, 'kg', 6, 'box', NULL, NULL, NULL, NULL, NULL, NULL, '2023-06-28 07:45:35.41', '2023-06-28 07:45:35.41', 'PO2306281e25', 3100, 'MI2306282d84');
INSERT INTO public.po_itemm VALUES ('POI230628a7ff', 100.2, 'kg', 6, 'box', NULL, NULL, NULL, NULL, NULL, NULL, '2023-06-28 07:45:35.41', '2023-06-28 07:45:35.41', 'PO2306281e25', 3100, 'MI23062820e4');
INSERT INTO public.po_itemm VALUES ('POI230628d593', 125.4, 'kg', 8, 'box', NULL, NULL, NULL, NULL, NULL, NULL, '2023-06-28 07:45:35.41', '2023-06-28 07:45:35.41', 'PO2306281e25', 3100, 'MI23062812d1');
INSERT INTO public.po_itemm VALUES ('POI2306293661', 200, 'pcs', NULL, NULL, NULL, NULL, NULL, NULL, NULL, NULL, '2023-06-29 14:25:18.968', '2023-06-29 14:25:18.968', 'PO230629f9c7', 10000, 'MI2306285f06');
INSERT INTO public.po_itemm VALUES ('POI2306294584', 500, 'pcs', NULL, NULL, NULL, NULL, NULL, NULL, NULL, NULL, '2023-06-29 14:25:18.968', '2023-06-29 14:25:18.968', 'PO230629f9c7', 50000, 'MI23062820e4');
INSERT INTO public.po_itemm VALUES ('POI230629dd64', 200, 'pcs', NULL, NULL, NULL, NULL, NULL, NULL, NULL, NULL, '2023-06-29 14:25:18.968', '2023-06-29 14:25:18.968', 'PO230629f9c7', 750000, 'MI230628931d');
INSERT INTO public.po_itemm VALUES ('POI2306306e42', 5014, 'pcs', 6025, 'kg', NULL, NULL, NULL, NULL, NULL, NULL, '2023-06-30 03:21:56.665', '2023-06-30 03:21:56.665', 'PO230630551a', 3100, 'MI2306285f06');
INSERT INTO public.po_itemm VALUES ('POI2306306805', 2672.7, 'kg', 120, 'box', NULL, NULL, NULL, NULL, NULL, NULL, '2023-06-30 03:33:50.46', '2023-06-30 03:33:50.46', 'PO23063007d8', 3100, 'MI2306300dc5');
INSERT INTO public.po_itemm VALUES ('POI23063093a5', 3170.5, 'kg', 150, 'box', NULL, NULL, NULL, NULL, NULL, NULL, '2023-06-30 03:33:50.46', '2023-06-30 03:33:50.46', 'PO23063007d8', 3100, 'MI23062801b1');
INSERT INTO public.po_itemm VALUES ('POI2306302a7e', 990, 'pcs', 1006, 'kg', NULL, NULL, NULL, NULL, NULL, NULL, '2023-06-30 07:00:03.933', '2023-06-30 07:00:03.933', 'PO23063066b5', 3100, 'MI2306303deb');
INSERT INTO public.po_itemm VALUES ('POI23063011fd', 819, 'pcs', 832, 'kg', NULL, NULL, NULL, NULL, NULL, NULL, '2023-06-30 07:00:03.933', '2023-06-30 07:00:03.933', 'PO23063066b5', 3100, 'MI2306285f06');
INSERT INTO public.po_itemm VALUES ('POI230630d9df', 106.2, 'kg', 6, 'box', NULL, NULL, NULL, NULL, NULL, NULL, '2023-06-30 10:39:22.388', '2023-06-30 10:39:22.388', 'PO2306301c33', 1000, 'MI2306282d84');
INSERT INTO public.po_itemm VALUES ('POI2306308cec', 100.2, 'kg', 6, 'box', NULL, NULL, NULL, NULL, NULL, NULL, '2023-06-30 10:39:22.388', '2023-06-30 10:39:22.388', 'PO2306301c33', 1000, 'MI23062820e4');
INSERT INTO public.po_itemm VALUES ('POI230630ed09', 102.4, 'kg', 6, 'box', NULL, NULL, NULL, NULL, NULL, NULL, '2023-06-30 10:39:22.388', '2023-06-30 10:39:22.388', 'PO2306301c33', 1000, 'MI23062812d1');


--
-- Data for Name: po_item_sppb_in; Type: TABLE DATA; Schema: public; Owner: postgres
--

INSERT INTO public.po_item_sppb_in VALUES ('SPPBINITM2306289f75', 'POI23062850fd', 'SPPBIN230628a300', 55.5, NULL, NULL, NULL, NULL, '2023-06-28 02:16:36.989', '2023-06-28 02:16:55.91', 'MI230628c6f3');
INSERT INTO public.po_item_sppb_in VALUES ('SPPBINITM230628d352', 'POI23062850fd', 'SPPBIN230628c00e', 44.5, NULL, NULL, NULL, NULL, '2023-06-28 02:17:10.27', '2023-06-28 02:17:10.27', 'MI230628c6f3');
INSERT INTO public.po_item_sppb_in VALUES ('SPPBINITM2306280dbe', 'POI23062884a4', 'SPPBIN2306284f85', 1851.4, 90, NULL, NULL, NULL, '2023-06-28 02:26:34.356', '2023-06-28 02:44:46.428', 'MI23062801b1');
INSERT INTO public.po_item_sppb_in VALUES ('SPPBINITM230628bcaa', 'POI230628fc54', 'SPPBIN230628e885', 72, 5, NULL, NULL, NULL, '2023-06-28 04:09:56.74', '2023-06-28 04:09:56.74', 'MI230628931d');
INSERT INTO public.po_item_sppb_in VALUES ('SPPBINITM23062862ec', 'POI2306289500', 'SPPBIN2306288a59', 6004, 6100, NULL, NULL, NULL, '2023-06-28 06:56:15.662', '2023-06-28 06:56:15.662', 'MI2306285f06');
INSERT INTO public.po_item_sppb_in VALUES ('SPPBINITM2306283291', 'POI230628ba6d', 'SPPBIN2306285db1', 106.2, 6, NULL, NULL, NULL, '2023-06-28 07:46:38.612', '2023-06-28 07:46:38.612', 'MI2306282d84');
INSERT INTO public.po_item_sppb_in VALUES ('SPPBINITM230628fc91', 'POI230628a7ff', 'SPPBIN2306285db1', 100.2, 6, NULL, NULL, NULL, '2023-06-28 07:46:38.612', '2023-06-28 07:46:38.612', 'MI23062820e4');
INSERT INTO public.po_item_sppb_in VALUES ('SPPBINITM230628b9fa', 'POI230628d593', 'SPPBIN2306285db1', 125.4, 8, NULL, NULL, NULL, '2023-06-28 07:46:38.612', '2023-06-28 07:46:38.612', 'MI23062812d1');
INSERT INTO public.po_item_sppb_in VALUES ('SPPBINITM2306297eee', 'POI2306293661', 'SPPBIN230629ffd1', 200, NULL, NULL, NULL, NULL, '2023-06-29 14:25:59.074', '2023-06-30 02:58:14.703', 'MI2306285f06');
INSERT INTO public.po_item_sppb_in VALUES ('SPPBINITM23062985b9', 'POI2306294584', 'SPPBIN230629ffd1', 500, NULL, NULL, NULL, NULL, '2023-06-29 14:25:59.074', '2023-06-30 02:58:14.703', 'MI23062820e4');
INSERT INTO public.po_item_sppb_in VALUES ('SPPBINITM2306292dc4', 'POI230629dd64', 'SPPBIN230629ffd1', 200, NULL, NULL, NULL, NULL, '2023-06-29 14:25:59.074', '2023-06-30 02:58:14.703', 'MI230628931d');
INSERT INTO public.po_item_sppb_in VALUES ('SPPBINITM2306303ffd', 'POI2306306e42', 'SPPBIN230630c4df', 5014, 6025, NULL, NULL, NULL, '2023-06-30 03:23:25.218', '2023-06-30 03:23:25.218', 'MI2306285f06');
INSERT INTO public.po_item_sppb_in VALUES ('SPPBINITM230630b996', 'POI2306306805', 'SPPBIN23063066e2', 2672.7, 120, NULL, NULL, NULL, '2023-06-30 03:35:05.648', '2023-06-30 03:35:05.648', 'MI2306300dc5');
INSERT INTO public.po_item_sppb_in VALUES ('SPPBINITM230630ec13', 'POI23063093a5', 'SPPBIN23063066e2', 3170.5, 150, NULL, NULL, NULL, '2023-06-30 03:35:05.648', '2023-06-30 03:35:05.648', 'MI23062801b1');
INSERT INTO public.po_item_sppb_in VALUES ('SPPBINITM2306306c51', 'POI2306302a7e', 'SPPBIN23063026cd', 990, 1006, NULL, NULL, NULL, '2023-06-30 07:02:48.625', '2023-06-30 07:02:48.625', 'MI2306303deb');
INSERT INTO public.po_item_sppb_in VALUES ('SPPBINITM2306304fff', 'POI23063011fd', 'SPPBIN23063026cd', 819, 832, NULL, NULL, NULL, '2023-06-30 07:02:48.625', '2023-06-30 07:02:48.625', 'MI2306285f06');
INSERT INTO public.po_item_sppb_in VALUES ('SPPBINITM230630931c', 'POI230630d9df', 'SPPBIN2306308fe0', 106.2, 6, NULL, NULL, NULL, '2023-06-30 10:40:14.214', '2023-06-30 10:40:14.214', 'MI2306282d84');
INSERT INTO public.po_item_sppb_in VALUES ('SPPBINITM230630cf12', 'POI2306308cec', 'SPPBIN2306308fe0', 100.2, 6, NULL, NULL, NULL, '2023-06-30 10:40:14.214', '2023-06-30 10:40:14.214', 'MI23062820e4');
INSERT INTO public.po_item_sppb_in VALUES ('SPPBINITM2306307d46', 'POI230630ed09', 'SPPBIN2306308fe0', 102.4, 6, NULL, NULL, NULL, '2023-06-30 10:40:14.214', '2023-06-30 10:40:14.214', 'MI23062812d1');


--
-- Data for Name: kanban_item; Type: TABLE DATA; Schema: public; Owner: postgres
--

INSERT INTO public.kanban_item VALUES ('KNBI230628ece0', 'SPPBINITM2306289f75', 'KNB2306286f3f', 55.5, NULL, NULL, NULL, NULL, '2023-06-28 02:17:31.379', '2023-06-28 02:17:31.379', 'MI230628c6f3');
INSERT INTO public.kanban_item VALUES ('KNBI230628c224', 'SPPBINITM230628d352', 'KNB230628ff34', 44.5, NULL, NULL, NULL, NULL, '2023-06-28 02:17:45.723', '2023-06-28 02:17:53.91', 'MI230628c6f3');
INSERT INTO public.kanban_item VALUES ('KNBI2306289a06', 'SPPBINITM2306280dbe', 'KNB2306287ff1', 1851.4, 90, NULL, NULL, NULL, '2023-06-28 02:45:15.531', '2023-06-28 02:45:15.531', 'MI23062801b1');
INSERT INTO public.kanban_item VALUES ('KNBI230628f87b', 'SPPBINITM23062862ec', 'KNB2306282379', 990, 1006, NULL, NULL, NULL, '2023-06-28 06:57:28.63', '2023-06-28 06:57:28.63', 'MI2306285f06');
INSERT INTO public.kanban_item VALUES ('KNBI2306289c3a', 'SPPBINITM23062862ec', 'KNB230628e9fe', 819, 832, NULL, NULL, NULL, '2023-06-28 06:58:11.928', '2023-06-28 06:58:11.928', 'MI2306285f06');
INSERT INTO public.kanban_item VALUES ('KNBI230628a436', 'SPPBINITM23062862ec', 'KNB2306284a28', 1203, 1222, NULL, NULL, NULL, '2023-06-28 06:58:29.068', '2023-06-28 06:58:29.068', 'MI2306285f06');
INSERT INTO public.kanban_item VALUES ('KNBI2306281bfe', 'SPPBINITM23062862ec', 'KNB230628f83c', 990, 1006, NULL, NULL, NULL, '2023-06-28 06:58:56.602', '2023-06-28 06:58:56.602', 'MI2306285f06');
INSERT INTO public.kanban_item VALUES ('KNBI2306283e5f', 'SPPBINITM23062862ec', 'KNB230628c85d', 990, 1006, NULL, NULL, NULL, '2023-06-28 06:59:12.226', '2023-06-28 06:59:12.226', 'MI2306285f06');
INSERT INTO public.kanban_item VALUES ('KNBI2306280747', 'SPPBINITM23062862ec', 'KNB230628e65f', 1012, 1028, NULL, NULL, NULL, '2023-06-28 06:59:30.913', '2023-06-28 06:59:30.913', 'MI2306285f06');
INSERT INTO public.kanban_item VALUES ('KNBI230628c7a6', 'SPPBINITM23062862ec', 'KNB2306286d40', 1000, 1001, NULL, NULL, NULL, '2023-06-28 06:59:55.591', '2023-06-28 06:59:55.591', 'MI2306285f06');
INSERT INTO public.kanban_item VALUES ('KNBI2306287cc7', 'SPPBINITM2306283291', 'KNB2306288a10', 106.2, 6, NULL, NULL, NULL, '2023-06-28 07:47:35.133', '2023-06-28 07:47:35.133', 'MI2306282d84');
INSERT INTO public.kanban_item VALUES ('KNBI2306280a21', 'SPPBINITM230628fc91', 'KNB2306288a10', 100.2, 6, NULL, NULL, NULL, '2023-06-28 07:47:35.133', '2023-06-28 07:47:35.133', 'MI23062820e4');
INSERT INTO public.kanban_item VALUES ('KNBI230628784f', 'SPPBINITM230628b9fa', 'KNB2306288a10', 125.4, 8, NULL, NULL, NULL, '2023-06-28 07:47:35.133', '2023-06-28 07:47:35.133', 'MI23062812d1');
INSERT INTO public.kanban_item VALUES ('KNBI230629e0e7', 'SPPBINITM2306297eee', 'KNB230629e818', 200, NULL, NULL, NULL, NULL, '2023-06-29 14:29:08.559', '2023-06-29 14:29:08.559', 'MI2306285f06');
INSERT INTO public.kanban_item VALUES ('KNBI2306293848', 'SPPBINITM23062985b9', 'KNB2306293b2f', 500, NULL, NULL, NULL, NULL, '2023-06-29 14:29:22.794', '2023-06-29 14:29:22.794', 'MI23062820e4');
INSERT INTO public.kanban_item VALUES ('KNBI230629782b', 'SPPBINITM2306292dc4', 'KNB2306291101', 200, NULL, NULL, NULL, NULL, '2023-06-29 14:29:33.599', '2023-06-29 14:29:33.599', 'MI230628931d');
INSERT INTO public.kanban_item VALUES ('KNBI230630aaa2', 'SPPBINITM2306303ffd', 'KNB2306309863', 5014, 6025, NULL, NULL, NULL, '2023-06-30 03:24:26.03', '2023-06-30 03:24:26.03', 'MI2306285f06');
INSERT INTO public.kanban_item VALUES ('KNBI230630e691', 'SPPBINITM2306306c51', 'KNB230630afaf', 990, 1006, NULL, NULL, NULL, '2023-06-30 07:08:05.144', '2023-06-30 07:08:05.144', 'MI2306303deb');
INSERT INTO public.kanban_item VALUES ('KNBI230630ab63', 'SPPBINITM2306304fff', 'KNB23063054da', 819, 832, NULL, NULL, NULL, '2023-06-30 07:11:08.579', '2023-06-30 07:11:08.579', 'MI2306285f06');
INSERT INTO public.kanban_item VALUES ('KNBI23063054c2', 'SPPBINITM230630931c', 'KNB2306300b93', 106.2, 6, NULL, NULL, NULL, '2023-06-30 10:41:25.06', '2023-06-30 10:41:25.06', 'MI2306282d84');
INSERT INTO public.kanban_item VALUES ('KNBI230630474b', 'SPPBINITM230630cf12', 'KNB230630b3d7', 100.2, 6, NULL, NULL, NULL, '2023-06-30 10:41:53.073', '2023-06-30 10:41:53.073', 'MI23062820e4');
INSERT INTO public.kanban_item VALUES ('KNBI2306306e76', 'SPPBINITM2306307d46', 'KNB230630da54', 102.4, 6, NULL, NULL, NULL, '2023-06-30 10:42:19.067', '2023-06-30 10:42:19.067', 'MI23062812d1');


--
-- Data for Name: kendaraan; Type: TABLE DATA; Schema: public; Owner: postgres
--

INSERT INTO public.kendaraan VALUES ('1680726921-fbdcb20a-8552-4fea-92e2-fcd7c91f96b9', 'Truk', '2023-04-05 13:35:21.493', '2023-04-05 20:35:39.08');
INSERT INTO public.kendaraan VALUES ('1680726944-ff3f0a54-faea-4376-8cbb-01f24c5cb4b3', 'Pickup', '2023-04-05 20:35:44.334', '2023-04-05 20:35:44.334');
INSERT INTO public.kendaraan VALUES ('23051412766', 'Kendaraan', '2023-05-14 16:00:12.767', '2023-05-14 16:00:12.767');
INSERT INTO public.kendaraan VALUES ('230610fe4f', 'Motor', '2023-06-10 05:17:48.728', '2023-06-10 05:17:48.728');


--
-- Data for Name: master_item; Type: TABLE DATA; Schema: public; Owner: postgres
--

INSERT INTO public.master_item VALUES ('MI23062801b1', 'HEXPWP-T 5X20', 'HEXPWP-T 5X20', '2023-06-28 02:23:26.764', '2023-06-28 02:23:26.764', NULL, '{"MK230628d4f3":[{"id_instruksi":"230516e62c","hardness":["230515bca1"],"hardnessKategori":["2305158842"],"material":["230515c311"],"materialKategori":[""],"parameter":["2305162e35"],"parameterKategori":["230515a1f6"]}]}', '{MK230628d4f3}');
INSERT INTO public.master_item VALUES ('MI230628931d', 'SHAFT PC2000 T/R', '21T3031130CT', '2023-06-28 04:04:30.35', '2023-06-28 04:04:30.35', NULL, '{"MK2306286924":[{"id_instruksi":"230516e62c","hardness":["230516fde5"],"hardnessKategori":["2305154d26"],"material":["2305169603"],"materialKategori":[""],"parameter":["23051607fe","230515385f","230516da98"],"parameterKategori":["23051582a8","230515a1f6","230516833e"]}]}', '{MK2306286924}');
INSERT INTO public.master_item VALUES ('MI2306282d84', 'TSB1P 4 X 16 CF', NULL, '2023-06-28 06:23:50.524', '2023-06-28 06:23:50.524', NULL, '{"MK230628d4f3":[{"id_instruksi":"230515d133","hardness":["H23062838db","H2306288a45","H2306288308"],"hardnessKategori":["2305154d26","2305158842","230515bd6b"],"material":["M230628ff9e"],"materialKategori":[""],"parameter":["P230628118e","P230628636c","P230628a54d"],"parameterKategori":["PK2306287e2a","230515a1f6","230516833e"]}]}', '{MK230628d4f3}');
INSERT INTO public.master_item VALUES ('MI23062820e4', 'TSB1T 4 X 8 MC3', NULL, '2023-06-28 06:25:22.928', '2023-06-28 06:25:22.928', NULL, '{"MK230628d4f3":[{"id_instruksi":"230515d133","hardness":["H23062838db","H2306288a45","H2306288308"],"hardnessKategori":["2305154d26","2305158842","230515bd6b"],"material":["M230628ff9e"],"materialKategori":[""],"parameter":["P230628118e","P230628636c","P230628a54d"],"parameterKategori":["PK2306287e2a","230515a1f6","230516833e"]}]}', '{MK230628d4f3}');
INSERT INTO public.master_item VALUES ('MI23062812d1', 'TSABT W/S 4 X 10 NIC 4DOT', NULL, '2023-06-28 06:27:00.209', '2023-06-28 06:27:00.209', NULL, '{"MK230628d4f3":[{"id_instruksi":"230515d133","hardness":["H23062838db","H2306288a45","H2306288308"],"hardnessKategori":["2305154d26","2305158842","230515bd6b"],"material":["M230628ff9e"],"materialKategori":[""],"parameter":["P230628118e","P230628636c","P230628a54d"],"parameterKategori":["PK2306287e2a","230515a1f6","230516833e"]}]}', '{MK230628d4f3}');
INSERT INTO public.master_item VALUES ('MI2306285f06', 'FLANGE, RR PLANETARY RG', '37562-TBF060', '2023-06-28 06:48:53.649', '2023-06-28 06:48:53.649', NULL, '{"MK230628d4f3":[{"id_instruksi":"230516e62c","hardness":["H2306289de9","H2306289e69"],"hardnessKategori":["2305154d26","2305158842"],"material":["M230628eaa2"],"materialKategori":[""],"parameter":["P230628c3ee","P230628d84b","P230628389d"],"parameterKategori":["23051582a8","230515a1f6","230516833e"]}]}', '{MK230628d4f3}');
INSERT INTO public.master_item VALUES ('MI2306300dc5', 'HEXPWP-T 5X17', 'HEXPWP-T 5X17', '2023-06-30 03:30:38.761', '2023-06-30 03:30:38.761', NULL, '{"MK230628d4f3":[{"id_instruksi":"230516e62c","hardness":["230516fde5","230515bca1"],"hardnessKategori":["2305154d26","2305158842"],"material":["230515c311"],"materialKategori":[""],"parameter":["2305158962","2305162e35","230516da98"],"parameterKategori":["23051582a8","230515a1f6","230516833e"]}]}', '{MK230628d4f3}');
INSERT INTO public.master_item VALUES ('MI2306303deb', 'FLANGE, RR PLANETARY RG', '37562-TBF060', '2023-06-30 06:44:34.717', '2023-06-30 06:44:34.717', NULL, '{"MK230628d4f3":[{"id_instruksi":"230516e62c","hardness":["230516fde5"],"hardnessKategori":["2305154d26"],"material":["M230628eaa2"],"materialKategori":[""],"parameter":["P230628d84b"],"parameterKategori":["230515a1f6"]}]}', '{MK230628d4f3}');


--
-- Data for Name: material_kategori; Type: TABLE DATA; Schema: public; Owner: postgres
--

INSERT INTO public.material_kategori VALUES ('1680550216-eac71de8-112c-4530-bfdb-65d534adca83', 'mat_k', '2023-04-03 19:30:16.155', '2023-04-03 19:30:16.155');
INSERT INTO public.material_kategori VALUES ('1680009885-c2cdd006-acbe-4f5d-35cd-5fe38aa343c1', 'k_mat', '2023-03-28 06:24:45.635', '2023-04-03 19:30:20.817');
INSERT INTO public.material_kategori VALUES ('23051480938', 'Kategori Material', '2023-05-14 15:59:40.938', '2023-05-14 15:59:40.938');
INSERT INTO public.material_kategori VALUES ('230515b7b4', 'SWCH 22A', '2023-05-15 11:02:41.046', '2023-05-15 11:02:41.046');
INSERT INTO public.material_kategori VALUES ('2305150c63', '10B23', '2023-05-15 11:02:58.259', '2023-05-15 11:02:58.259');
INSERT INTO public.material_kategori VALUES ('230516a58f', 'SMnB435H', '2023-05-16 04:55:03.688', '2023-05-16 04:55:03.688');
INSERT INTO public.material_kategori VALUES ('MK230628d7f3', 'SWCH 18A', '2023-06-28 06:19:54.436', '2023-06-28 06:19:54.436');
INSERT INTO public.material_kategori VALUES ('MK2306285283', 'S 45 C', '2023-06-28 06:41:43.886', '2023-06-28 06:41:43.886');
INSERT INTO public.material_kategori VALUES ('MK230628a567', 'S 45 C', '2023-06-28 06:41:49.989', '2023-06-28 06:41:49.989');


--
-- Data for Name: material; Type: TABLE DATA; Schema: public; Owner: postgres
--

INSERT INTO public.material VALUES ('1680009897-7ccc1f1b-ed87-428d-a9c6-0623195bc798', '1680009885-c2cdd006-acbe-4f5d-35cd-5fe38aa343c1', 'dsds', '2023-03-28 13:24:57.376', '2023-03-28 13:24:57.376');
INSERT INTO public.material VALUES ('23041287759', '1680550216-eac71de8-112c-4530-bfdb-65d534adca83', 'asdd', '2023-04-12 07:01:27.762', '2023-04-12 07:01:27.762');
INSERT INTO public.material VALUES ('23051402191', '23051480938', 'Data Material', '2023-05-14 16:00:02.192', '2023-05-14 16:00:02.192');
INSERT INTO public.material VALUES ('230515c311', '2305150c63', '10B23', '2023-05-15 11:03:09.519', '2023-05-15 11:03:09.519');
INSERT INTO public.material VALUES ('2305152336', '230515b7b4', 'SWCH 22A', '2023-05-15 11:03:23.837', '2023-05-15 11:03:23.837');
INSERT INTO public.material VALUES ('2305169603', '230516a58f', 'SMnB435H', '2023-05-16 04:55:13.873', '2023-05-16 04:55:13.873');
INSERT INTO public.material VALUES ('M230628ff9e', 'MK230628d7f3', 'SWCH 18A', '2023-06-28 06:20:14.608', '2023-06-28 06:21:39.439');
INSERT INTO public.material VALUES ('M230628eaa2', 'MK230628a567', 'S 45 C', '2023-06-28 06:42:01.88', '2023-06-28 06:42:01.88');


--
-- Data for Name: menu; Type: TABLE DATA; Schema: public; Owner: postgres
--

INSERT INTO public.menu VALUES ('fc781874-6c08-432e-0836-b02635ef994f', NULL, 'scan out barang keluar', 'faHome', '/app/scan/out_barang', '2023-01-18 17:38:00.693', '2023-03-19 08:00:29.53', '26c1s0d8-64d7-48c8-1252-47bcd5a7a0e6-1677662729', 11);
INSERT INTO public.menu VALUES ('5efd1c9e-bc33-4f15-191d-c4af7697d049', NULL, 'item', 'faHome', '/app/item', '2023-01-18 17:38:00.687', '2023-03-04 11:38:14.549', 'dsd', 12);
INSERT INTO public.menu VALUES ('6f704527-cad3-49b9-35ec-a1113dc09b49', NULL, 'menu master stock produksi', 'faHome', NULL, '2023-01-18 17:38:00.695', '2023-03-19 08:00:29.53', '26dc100d8-64d7-48c8-1252-47bcd5a7a0e6-1677662729', 22);
INSERT INTO public.menu VALUES ('kmjhc173-2d83-4501-ab53-117361a87ef0', NULL, 'Gallery', 'faHome', '/app/gallery', '2023-01-18 17:38:00.7', '2023-04-03 19:08:52.981', 'disabled', 5);
INSERT INTO public.menu VALUES ('45b03359-0228-4d52-2e61-07f82031822b', 'f4c0c173-2d83-4501-ab53-117361a87ef0', 'Inventory', 'faHome', NULL, '2023-01-18 17:38:00.699', '2023-06-26 14:05:50.581', 'hdsf', -1);
INSERT INTO public.menu VALUES ('87c100d8-64d7-4458-1252-47b875a7a0e6-1677992729', '88c100d8-64d7-4458-1252-47b875a7a0e6-1677992729', 'Data Parameter', 'faHome', '/app/parameter', '2023-01-18 17:38:00.7', '2023-06-30 09:12:17.476', '26c100d8-64d7-48c8-1252-47bcd5a7a0e6-1677662729', -1);
INSERT INTO public.menu VALUES ('26c100d8-64d7-48c8-1252-47bcd457a0e6-1698762729', '26c100d8-64d7-48c8-1252-47bcd5a7a0e6-1699662729', 'Kategori Material', 'faHome', '/app/material/kategori', '2023-01-18 17:38:00.7', '2023-06-30 09:12:17.477', '26c100d8-64d7-48c8-1252-47bcd5a7a0e6-1677662729', -1);
INSERT INTO public.menu VALUES ('88c100d8-64d7-4458-1252-47b875a8k0e6-1677992729', '88c100d8-64d7-4458-1252-47b875a7a0e6-1677992729', 'Kategori Parameter', 'faHome', '/app/parameter/kategori', '2023-01-18 17:38:00.7', '2023-06-30 09:12:17.477', '26c100d8-64d7-48c8-1252-47bcd5a7a0e6-1677662729', -1);
INSERT INTO public.menu VALUES ('eece9714-f887-4bd8-1jh4-7a679ba33c0e', 'eece9714-f887-4bd8-1564-7a679ba33c0e', 'Nama Mesin', 'faHome', '/app/mesin/kategori', '2023-01-18 17:38:00.676', '2023-06-30 09:12:17.478', '1678783322-68f730b9-3b9f-4ac3-a382-7733f4be577e,26c100d8-64d7-48c8-1252-47bcd5a7a0e6-1677662729', -1);
INSERT INTO public.menu VALUES ('f70be0d5-86cd-4cd0-81ca-42645230b305', '9ac9cafe-5507-458f-ae29-f2a01c9136f2', 'user', 'faHome', '/app/user', '2023-01-18 17:38:00.698', '2023-06-30 09:12:17.478', '1678783322-68f730b9-3b9f-4ac3-a382-7733f4be577e,26c100d8-64d7-48c8-1252-47bcd5a7a0e6-1677662729', -1);
INSERT INTO public.menu VALUES ('9ac9menu-5507-458f-ae30-f2a01c9136f2', NULL, 'Dashboard', 'faMapMarkedAlt', '/app', '2023-01-18 17:38:00.658', '2023-06-30 09:12:17.478', '1678783322-68f730b9-3b9f-4ac3-a382-7733f4be577e,26c100d8-64d7-48c8-1252-47bcd5a7a0e6-1677662729,039556db-fb53-46a4-0e1c-87eab77c4b0f-1677664761', 0);
INSERT INTO public.menu VALUES ('cd50fa48-2737-4bb9-3ef6-8e552105124f', NULL, 'master menu', 'faFutbol', '/app/menu', '2023-01-18 17:38:00.536', '2023-06-30 09:12:17.478', '1678783322-68f730b9-3b9f-4ac3-a382-7733f4be577e,26c100d8-64d7-48c8-1252-47bcd5a7a0e6-1677662729', 1);
INSERT INTO public.menu VALUES ('67c56e11-440e-4229-a1fe-3575ca214d84', 'f4c0c173-2d83-4501-ab53-117361a87ef0', 'PO suplier', 'faHome', '/app/supplier/po', '2023-01-18 17:38:00.701', '2023-06-30 09:12:17.479', '1678783322-68f730b9-3b9f-4ac3-a382-7733f4be577e,26c100d8-64d7-48c8-1252-47bcd5a7a0e6-1677662729', 2);
INSERT INTO public.menu VALUES ('26c100d8-64d7-48c8-1252-47bcd5a7ajh6-1699662729', NULL, 'Document', 'faHome', '/app/document', '2023-01-18 17:38:00.7', '2023-06-30 09:12:17.479', '26c100d8-64d7-48c8-1252-47bcd5a7a0e6-1677662729', 3);
INSERT INTO public.menu VALUES ('88c100d8-64d7-4458-1252-47b875a7a0e6-1677992729', NULL, 'Parameter', 'faHome', NULL, '2023-01-18 17:38:00.7', '2023-06-30 09:12:17.479', '26c100d8-64d7-48c8-1252-47bcd5a7a0e6-1677662729', 5);
INSERT INTO public.menu VALUES ('f4c0c173-2d83-4501-ab53-117361a87ef0', NULL, 'Inventory Internal', 'faGlobeAmericas', NULL, '2023-01-18 17:38:00.696', '2023-06-30 09:12:17.479', '1678783322-68f730b9-3b9f-4ac3-a382-7733f4be577e,26c100d8-64d7-48c8-1252-47bcd5a7a0e6-1677662729', 2);
INSERT INTO public.menu VALUES ('9ac9cafe-5507-458f-ae29-f2a01c9136f2', NULL, 'master user', 'faAlignJustify', NULL, '2023-01-18 17:38:00.658', '2023-06-30 09:12:17.479', '26c100d8-64d7-48c8-1252-47bcd5a7a0e6-1677662729', 4);
INSERT INTO public.menu VALUES ('26c100d8-64d7-48c8-1252-47bcd5a7a0e6-1677992729', NULL, 'Hardness', 'faHome', NULL, '2023-01-18 17:38:00.7', '2023-06-30 09:12:17.479', '26c100d8-64d7-48c8-1252-47bcd5a7a0e6-1677662729', 6);
INSERT INTO public.menu VALUES ('26c100d8-64d7-48c8-1252-47bcd5a7a0e6-1699662729', NULL, 'Material', 'faHome', NULL, '2023-01-18 17:38:00.7', '2023-06-30 09:12:17.479', '26c100d8-64d7-48c8-1252-47bcd5a7a0e6-1677662729', 7);
INSERT INTO public.menu VALUES ('eece9714-f887-4bd8-1564-7a679ba33c0e', NULL, 'Mesin', 'faHome', NULL, '2023-01-18 17:38:00.676', '2023-06-30 09:12:17.479', '1678783322-68f730b9-3b9f-4ac3-a382-7733f4be577e,26c100d8-64d7-48c8-1252-47bcd5a7a0e6-1677662729', 8);
INSERT INTO public.menu VALUES ('26col0d8-64d7-48c8-1252-47bcd5a7a0g6-1577662729', NULL, 'Master Item', 'faHome', '/app/item', '2023-01-18 17:38:00.676', '2023-06-30 09:12:17.48', '1678783322-68f730b9-3b9f-4ac3-a382-7733f4be577e,26c100d8-64d7-48c8-1252-47bcd5a7a0e6-1677662729', 9);
INSERT INTO public.menu VALUES ('26col0d8-64d7-48c8-1252-47bcd5a7a0e6-1677662729', NULL, 'kendaraan', 'faHome', '/app/kendaraan', '2023-01-18 17:38:00.676', '2023-06-30 09:12:17.48', '1678783322-68f730b9-3b9f-4ac3-a382-7733f4be577e,26c100d8-64d7-48c8-1252-47bcd5a7a0e6-1677662729', 10);
INSERT INTO public.menu VALUES ('ebce9714-f887-4bd8-1564-7a339ba33c0e', NULL, 'menu master customer', 'faHome', '/app/customer', '2023-01-18 17:38:00.676', '2023-06-30 09:12:17.48', '1678783322-68f730b9-3b9f-4ac3-a382-7733f4be577e,26c100d8-64d7-48c8-1252-47bcd5a7a0e6-1677662729', 11);
INSERT INTO public.menu VALUES ('3efd1c9e-bc33-4f15-191d-c4af7697d049', NULL, 'menu master PO customer', 'faHome', '/app/customer/po', '2023-01-18 17:38:00.687', '2023-06-30 09:12:17.48', '26c100d8-64d7-48c8-1252-47bcd5a7a0e6-1677662729', 12);
INSERT INTO public.menu VALUES ('3efd1c9e-bc33-4f15-161d-c4af7697d049', NULL, 'SPPB In', 'faAddressBook', '/app/customer/customer_sppb_in', '2023-01-18 17:38:00.687', '2023-06-30 09:12:17.48', '26c100d8-64d7-48c8-1252-47bcd5a7a0e6-1677662729', 13);
INSERT INTO public.menu VALUES ('fc781926-6c08-432e-0836-b02635ef994f', NULL, 'menu proses kanban', 'faHome', '/app/kanban/instruksi', '2023-01-18 17:38:00.693', '2023-06-30 09:12:17.48', '26c100d8-64d7-48c8-1252-47bcd5a7a0e6-1677662729', 14);
INSERT INTO public.menu VALUES ('42212d6a-d599-4710-b12f-cdcb87cfc424', NULL, 'menu master kanban', 'faAnchorCircleCheck', '/app/kanban', '2023-01-18 17:38:00.689', '2023-06-30 09:12:17.48', '26c100d8-64d7-48c8-1252-47bcd5a7a0e6-1677662729', 15);
INSERT INTO public.menu VALUES ('fc781926-6c08-432e-0898-b02635ef994f', NULL, 'scan produksi', 'faHome', '/app/scan/produksi', '2023-01-18 17:38:00.693', '2023-06-30 09:12:17.48', '26c100d8-64d7-48c8-1252-47bcd5a7a0e6-1677662729', 16);
INSERT INTO public.menu VALUES ('fc781926-6c08-432e-0836-b09835ef994f', NULL, 'scan QC', 'faHome', '/app/scan/qc', '2023-01-18 17:38:00.693', '2023-06-30 09:12:17.481', '26c100d8-64d7-48c8-1252-47bcd5a7a0e6-1677662729', 17);
INSERT INTO public.menu VALUES ('fc781926-6c08-762e-0836-b02635ef994f', NULL, 'scan Finish Good', 'faHome', '/app/scan/finish_good', '2023-01-18 17:38:00.693', '2023-06-30 09:12:17.481', '26c100d8-64d7-48c8-1252-47bcd5a7a0e6-1677662729', 18);
INSERT INTO public.menu VALUES ('3efd1c9e-bc33-4f15-291d-c4af7697d049', NULL, 'SPPB Out', 'faHome', '/app/customer/customer_sppb_out', '2023-01-18 17:38:00.687', '2023-06-30 09:12:17.481', '26c100d8-64d7-48c8-1252-47bcd5a7a0e6-1677662729', 19);
INSERT INTO public.menu VALUES ('26c100d8-64d7-48c8-1252-47bcd5a7a0e6-1698762729', '26c100d8-64d7-48c8-1252-47bcd5a7a0e6-1699662729', 'Data Material', 'faHome', '/app/material', '2023-01-18 17:38:00.7', '2023-06-30 09:12:17.476', '26c100d8-64d7-48c8-1252-47bcd5a7a0e6-1677662729', -1);
INSERT INTO public.menu VALUES ('bece9714-f887-4bd8-1564-7a339ba33c0e', 'vece9714-f887-4bd8-1564-7a339ba33c0e', 'Material Kategori', 'faHome', '/app/material/kategori', '2023-01-18 17:38:00.693', '2023-06-30 09:12:17.478', '26c100d8-64d7-48c8-1252-47bcd5a7a0e6-1677662729', -1);
INSERT INTO public.menu VALUES ('11d98283-fbf4-4093-1598-9212a30451db', 'f4c0c173-2d83-4501-ab53-117361a87ef0', 'Suplier', 'faHome', '/app/supplier', '2023-01-18 17:38:00.7', '2023-06-30 09:12:17.479', '1678783322-68f730b9-3b9f-4ac3-a382-7733f4be577e,26c100d8-64d7-48c8-1252-47bcd5a7a0e6-1677662729', 3);
INSERT INTO public.menu VALUES ('26c100d8-64d7-48c8-1252-47b875a7a0e6-1677992729', '26c100d8-64d7-48c8-1252-47bcd5a7a0e6-1677992729', 'Data Hardness', 'faHome', '/app/hardness', '2023-01-18 17:38:00.7', '2023-06-30 09:12:17.475', '26c100d8-64d7-48c8-1252-47bcd5a7a0e6-1677662729', -1);
INSERT INTO public.menu VALUES ('c5486962-a199-469f-0ae3-7ed6880c4f7a', 'f4c0c173-2d83-4501-ab53-117361a87ef0', 'Item Supplier', 'faHome', '/app/supplier/item', '2023-01-18 17:38:00.702', '2023-06-30 09:12:17.477', '1678783322-68f730b9-3b9f-4ac3-a382-7733f4be577e,26c100d8-64d7-48c8-1252-47bcd5a7a0e6-1677662729', -1);
INSERT INTO public.menu VALUES ('26c100d8-64d7-4458-1252-47b875a7a0e6-1677992729', '26c100d8-64d7-48c8-1252-47bcd5a7a0e6-1677992729', 'Kategori Hardness', 'faHome', '/app/hardness/kategori', '2023-01-18 17:38:00.7', '2023-06-30 09:12:17.477', '26c100d8-64d7-48c8-1252-47bcd5a7a0e6-1677662729', -1);
INSERT INTO public.menu VALUES ('ebce9714-f887-4bd8-1564-7a679ba33c0e', 'eece9714-f887-4bd8-1564-7a679ba33c0e', 'master mesin', 'faHome', '/app/mesin', '2023-01-18 17:38:00.676', '2023-06-30 09:12:17.478', '1678783322-68f730b9-3b9f-4ac3-a382-7733f4be577e,26c100d8-64d7-48c8-1252-47bcd5a7a0e6-1677662729', -1);
INSERT INTO public.menu VALUES ('6980510f-69d0-4103-886f-8170e44f522c', '9ac9cafe-5507-458f-ae29-f2a01c9136f2', 'role', 'faArrowAltCircleLeft', '/app/user/role', '2023-01-18 17:38:00.697', '2023-06-30 09:12:17.478', '26c100d8-64d7-48c8-1252-47bcd5a7a0e6-1677662729', -1);


--
-- Data for Name: mesin_kategori; Type: TABLE DATA; Schema: public; Owner: postgres
--

INSERT INTO public.mesin_kategori VALUES ('230524a7b8', 'Bubut', '2023-05-23 17:15:01.769', '2023-05-23 17:15:01.769');
INSERT INTO public.mesin_kategori VALUES ('230521603b', 'Perubah Konveyor', '2023-05-21 02:24:46.417', '2023-05-25 01:14:46.855');
INSERT INTO public.mesin_kategori VALUES ('2305252e34', 'Pencacah', '2023-05-25 05:36:29.646', '2023-05-25 05:36:29.646');
INSERT INTO public.mesin_kategori VALUES ('230526209f', 'Udin', '2023-05-26 02:02:08.695', '2023-05-26 02:02:08.695');
INSERT INTO public.mesin_kategori VALUES ('MK230628d4f3', 'CONVEYOR ', '2023-06-28 02:20:53.648', '2023-06-28 02:20:53.648');
INSERT INTO public.mesin_kategori VALUES ('MK2306286924', 'BATCH TYPE', '2023-06-28 03:59:14.771', '2023-06-28 03:59:14.771');


--
-- Data for Name: mesin; Type: TABLE DATA; Schema: public; Owner: postgres
--

INSERT INTO public.mesin VALUES ('M2306284e3f', 'LINE 2', NULL, '2023-06-28 02:21:11.357', '2023-06-28 02:21:11.357', 'MK230628d4f3');
INSERT INTO public.mesin VALUES ('M230628c1e5', 'LINE 3', NULL, '2023-06-28 02:55:25.467', '2023-06-28 02:55:25.467', 'MK230628d4f3');
INSERT INTO public.mesin VALUES ('M230628131e', 'A2', NULL, '2023-06-28 03:59:31.087', '2023-06-28 03:59:31.087', 'MK2306286924');
INSERT INTO public.mesin VALUES ('M2306289d5c', 'LINE 1', NULL, '2023-06-28 06:47:00.646', '2023-06-28 06:47:00.646', 'MK230628d4f3');


--
-- Data for Name: parameter_kategori; Type: TABLE DATA; Schema: public; Owner: postgres
--

INSERT INTO public.parameter_kategori VALUES ('1680343613-ed8a9e86-969a-4af9-182f-a463010df11e', 'p_kat', '2023-04-01 10:06:53.493', '2023-04-01 10:34:55.379');
INSERT INTO public.parameter_kategori VALUES ('1680550393-6c2fcf88-862b-45a4-1a39-5a90f37a4e5d', 'kat_p', '2023-04-03 19:33:13.265', '2023-04-03 19:33:13.265');
INSERT INTO public.parameter_kategori VALUES ('23051418068', 'Kategori Parameter', '2023-05-14 08:58:38.071', '2023-05-14 15:58:47.75');
INSERT INTO public.parameter_kategori VALUES ('23051582a8', 'QUENCHING', '2023-05-15 10:58:51.95', '2023-05-15 10:58:51.95');
INSERT INTO public.parameter_kategori VALUES ('230515a1f6', 'TEMPERING', '2023-05-15 10:59:00.815', '2023-05-15 10:59:00.815');
INSERT INTO public.parameter_kategori VALUES ('230516833e', 'CP', '2023-05-16 04:56:16.693', '2023-05-16 04:56:16.693');
INSERT INTO public.parameter_kategori VALUES ('PK2306287e2a', 'CARBURIZING', '2023-06-28 03:11:17.756', '2023-06-28 03:11:17.756');


--
-- Data for Name: parameter; Type: TABLE DATA; Schema: public; Owner: postgres
--

INSERT INTO public.parameter VALUES ('2305158962', '23051582a8', '860 X 60', '2023-05-15 10:59:20.857', '2023-05-15 10:59:20.857', NULL);
INSERT INTO public.parameter VALUES ('230515385f', '230515a1f6', '580 X 90''', '2023-05-15 10:59:36.85', '2023-05-15 10:59:36.85', NULL);
INSERT INTO public.parameter VALUES ('23051607fe', '23051582a8', '870X120''', '2023-05-16 04:56:58.627', '2023-05-16 04:56:58.627', NULL);
INSERT INTO public.parameter VALUES ('2305162e35', '230515a1f6', '500X60', '2023-05-16 04:57:16.978', '2023-05-16 04:57:16.978', NULL);
INSERT INTO public.parameter VALUES ('230516da98', '230516833e', '0.40', '2023-05-16 04:57:34.734', '2023-05-16 04:57:34.734', NULL);
INSERT INTO public.parameter VALUES ('P230628636c', '230515a1f6', '330 X 75''', '2023-06-28 06:16:14.832', '2023-06-28 06:16:14.832', NULL);
INSERT INTO public.parameter VALUES ('P230628118e', 'PK2306287e2a', '880 x 50''', '2023-06-28 06:15:46.065', '2023-06-28 06:16:45.518', NULL);
INSERT INTO public.parameter VALUES ('P230628a54d', '230516833e', '1.0 %', '2023-06-28 06:17:22.763', '2023-06-28 06:17:22.763', NULL);
INSERT INTO public.parameter VALUES ('P230628c3ee', '23051582a8', '850 X 70''', '2023-06-28 06:36:34', '2023-06-28 06:36:34', NULL);
INSERT INTO public.parameter VALUES ('P230628d84b', '230515a1f6', '630 X 120''', '2023-06-28 06:36:56.777', '2023-06-28 06:36:56.777', NULL);
INSERT INTO public.parameter VALUES ('P230628389d', '230516833e', '0.45 %', '2023-06-28 06:39:42.175', '2023-06-28 06:39:42.175', NULL);


--
-- Data for Name: role; Type: TABLE DATA; Schema: public; Owner: postgres
--

INSERT INTO public.role VALUES ('26c100d8-64d7-48c8-1252-47bcd5a7a0e6-1677662729', 'admin', '2023-03-01 16:57:27', '2023-03-01 16:57:29');
INSERT INTO public.role VALUES ('039556db-fb53-46a4-0e1c-87eab77c4b0f-1677664761', 'user', '2023-03-01 09:59:24.863', '2023-03-01 09:59:21.01');
INSERT INTO public.role VALUES ('1678783322-68f730b9-3b9f-4ac3-a382-7733f4be577e', 'Finance', '2023-04-03 20:27:00.097', '2023-03-14 01:42:02.365');
INSERT INTO public.role VALUES ('R23063018fd', 'Testing', '2023-06-30 09:16:46.427', '2023-06-30 09:16:46.427');


--
-- Data for Name: scan; Type: TABLE DATA; Schema: public; Owner: postgres
--

INSERT INTO public.scan VALUES ('SCAN2306289f3f', 'KNB2306286f3f', true, true, true, false, '2023-06-28 02:17:31.366', '2023-06-28 02:18:49.256', '[["KNBI230628ece0","55.5"]]', '[["KNBI230628ece0","55.5"]]', '[["KNBI230628ece0","55.5"]]', '[]', 'SC01', '[]', '230516a9b9', NULL);
INSERT INTO public.scan VALUES ('SCAN2306283f08', 'KNB230628ff34', true, true, true, false, '2023-06-28 02:17:45.719', '2023-06-28 02:19:33.898', '[["KNBI230628c224","44.5"]]', '[["KNBI230628c224","44.5"]]', '[["KNBI230628c224","44.5"]]', '[]', 'SC02', '[]', '230516a9b9', NULL);
INSERT INTO public.scan VALUES ('SCAN230628d6f4', 'KNB2306287ff1', true, true, true, false, '2023-06-28 02:45:15.525', '2023-06-28 02:51:12.645', '[["KNBI2306289a06","1851.4","90"]]', '[["KNBI2306289a06","1851.4","90"]]', '[["KNBI2306289a06","1851.4","90"]]', '[]', '230628K2-1', '[]', '230515e348', NULL);
INSERT INTO public.scan VALUES ('SCAN2306283e62', 'KNB230628e9fe', false, false, false, false, '2023-06-28 06:58:11.922', '2023-06-28 06:58:11.922', '[]', '[]', '[]', '[]', NULL, '[]', 'C230628f36c', NULL);
INSERT INTO public.scan VALUES ('SCAN23062807d6', 'KNB230628f83c', false, false, false, false, '2023-06-28 06:58:56.597', '2023-06-28 06:58:56.597', '[]', '[]', '[]', '[]', NULL, '[]', 'C230628f36c', NULL);
INSERT INTO public.scan VALUES ('SCAN230628a907', 'KNB230628c85d', false, false, false, false, '2023-06-28 06:59:12.221', '2023-06-28 06:59:12.221', '[]', '[]', '[]', '[]', NULL, '[]', 'C230628f36c', NULL);
INSERT INTO public.scan VALUES ('SCAN2306285fd3', 'KNB2306286d40', false, false, false, false, '2023-06-28 06:59:55.586', '2023-06-28 06:59:55.586', '[]', '[]', '[]', '[]', NULL, '[]', 'C230628f36c', NULL);
INSERT INTO public.scan VALUES ('SCAN230629f949', 'KNB230629e818', true, true, true, false, '2023-06-29 14:29:08.48', '2023-06-29 14:33:23.269', '[["KNBI230629e0e7","200"]]', '[["KNBI230629e0e7","200"]]', '[["KNBI230629e0e7","200"]]', '[]', 'LOTKNB1', '[]', 'C230628f36c', NULL);
INSERT INTO public.scan VALUES ('SCAN230629a095', 'KNB2306293b2f', true, true, true, false, '2023-06-29 14:29:22.713', '2023-06-29 14:33:32.81', '[["KNBI2306293848","500"]]', '[["KNBI2306293848","500"]]', '[["KNBI2306293848","500"]]', '[]', 'LOTKNB2', '[]', 'C230628f36c', NULL);
INSERT INTO public.scan VALUES ('SCAN23062988d6', 'KNB2306291101', true, true, true, false, '2023-06-29 14:29:33.508', '2023-06-29 14:33:40.184', '[["KNBI230629782b","200"]]', '[["KNBI230629782b","200"]]', '[["KNBI230629782b","200"]]', '[]', 'LOTKNB3', '[]', 'C230628f36c', NULL);
INSERT INTO public.scan VALUES ('SCAN230630bcb4', 'KNB2306309863', false, false, false, false, '2023-06-30 03:24:26.014', '2023-06-30 03:24:26.014', '[]', '[]', '[]', '[]', NULL, '[]', 'C230628f36c', NULL);
INSERT INTO public.scan VALUES ('SCAN23063029c8', 'KNB230630afaf', false, false, false, false, '2023-06-30 07:08:05.126', '2023-06-30 07:08:05.126', '[]', '[]', '[]', '[]', NULL, '[]', 'C230628f36c', NULL);
INSERT INTO public.scan VALUES ('SCAN2306282aee', 'KNB2306282379', true, true, true, false, '2023-06-28 06:57:28.624', '2023-06-28 07:15:55.473', '[["KNBI230628f87b","990","1006"]]', '[["KNBI230628f87b","990","1006"]]', '[["KNBI230628f87b","990","1006"]]', '[]', '230628K1-1', '[]', 'C230628f36c', 'OK');
INSERT INTO public.scan VALUES ('SCAN230628bac0', 'KNB2306284a28', true, true, true, false, '2023-06-28 06:58:29.063', '2023-06-28 07:17:01.715', '[["KNBI230628a436","1203","1222"]]', '[["KNBI230628a436","1203","1222"]]', '[["KNBI230628a436","1203","1222"]]', '[]', '230628K1-2', '[]', 'C230628f36c', 'NG');
INSERT INTO public.scan VALUES ('SCAN230628b803', 'KNB230628e65f', true, true, true, false, '2023-06-28 06:59:30.908', '2023-06-28 07:17:21.859', '[["KNBI2306280747","1012","1028"]]', '[["KNBI2306280747","1012","1028"]]', '[["KNBI2306280747","1012","1028"]]', '[]', '230628K1-3', '[]', 'C230628f36c', 'OK');
INSERT INTO public.scan VALUES ('SCAN230628bf71', 'KNB2306288a10', false, false, false, false, '2023-06-28 07:47:35.127', '2023-06-28 07:47:35.127', '[]', '[]', '[]', '[]', NULL, '[]', 'C23062811b6', NULL);
INSERT INTO public.scan VALUES ('SCAN23063039ad', 'KNB23063054da', true, true, true, false, '2023-06-30 07:11:08.573', '2023-06-30 07:54:18.859', '[["KNBI2306289a06","819","832"]]', '[["KNBI230630ab63","819","832"]]', '[["KNBI230630ab63","819","832"]]', '[]', '230630K1-01', '[]', 'C230628f36c', 'OK');
INSERT INTO public.scan VALUES ('SCAN2306301fdb', 'KNB2306300b93', false, false, false, false, '2023-06-30 10:41:25.055', '2023-06-30 10:41:25.055', '[]', '[]', '[]', '[]', NULL, '[]', 'C23062811b6', NULL);
INSERT INTO public.scan VALUES ('SCAN230630fe41', 'KNB230630b3d7', false, false, false, false, '2023-06-30 10:41:53.068', '2023-06-30 10:41:53.068', '[]', '[]', '[]', '[]', NULL, '[]', 'C23062811b6', NULL);
INSERT INTO public.scan VALUES ('SCAN2306300d91', 'KNB230630da54', false, false, false, false, '2023-06-30 10:42:19.063', '2023-06-30 10:42:19.063', '[]', '[]', '[]', '[]', NULL, '[]', 'C23062811b6', NULL);


--
-- Data for Name: supplier; Type: TABLE DATA; Schema: public; Owner: postgres
--



--
-- Data for Name: supplier_item; Type: TABLE DATA; Schema: public; Owner: postgres
--



--
-- Data for Name: supplier_po; Type: TABLE DATA; Schema: public; Owner: postgres
--



--
-- Data for Name: user_pengguna; Type: TABLE DATA; Schema: public; Owner: postgres
--

INSERT INTO public.user_pengguna VALUES ('26c100d8-64d7-48c8-1252-47bcd5a7a0e6-1677662729', 'admin@gmail.com', 'admin', 'admin', '2023-03-01 16:58:21', '2023-03-01 16:58:23', '26c100d8-64d7-48c8-1252-47bcd5a7a0e6-1677662729');
INSERT INTO public.user_pengguna VALUES ('1678516362-f8cf036e-f848-4779-394f-51c7836491c0', 'dsd', 'dsd', 'ddsd', '2023-03-11 06:32:42.725', '2023-03-11 06:32:42.725', '039556db-fb53-46a4-0e1c-87eab77c4b0f-1677664761');
INSERT INTO public.user_pengguna VALUES ('2d729f2d-5283-4e54-3313-8d4ab37a92ae-1677664788', 'user@gmail.com', 'new user', '12345678', '2023-03-01 09:59:48.185', '2023-03-11 07:20:25.028', '26c100d8-64d7-48c8-1252-47bcd5a7a0e6-1677662729');
INSERT INTO public.user_pengguna VALUES ('1678783341-93293c5b-7300-4051-2715-e9153a3bb689', 'finance@gmail.com', 'ahmadfinance', '123', '2023-03-14 08:42:21.408', '2023-03-14 08:44:20.209', '1678783322-68f730b9-3b9f-4ac3-a382-7733f4be577e');
INSERT INTO public.user_pengguna VALUES ('UP230628e4ff', 'anas@gmail.com', 'Anas', '123', '2023-06-28 02:11:06.526', '2023-06-28 02:11:06.526', '26c100d8-64d7-48c8-1252-47bcd5a7a0e6-1677662729');


--
-- Data for Name: user_login; Type: TABLE DATA; Schema: public; Owner: postgres
--

INSERT INTO public.user_login VALUES ('1679748892-91564ede-c909-4918-881a-9765f3d844b7', '26c100d8-64d7-48c8-1252-47bcd5a7a0e6-1677662729', '2023-04-25 12:54:52.62', '2023-03-25 12:54:52.632', '2023-03-25 12:54:52.632');
INSERT INTO public.user_login VALUES ('1679748940-c7193653-039a-4e9a-2985-6335b3f0b3c2', '2d729f2d-5283-4e54-3313-8d4ab37a92ae-1677664788', '2023-04-25 12:55:40.773', '2023-03-25 12:55:40.782', '2023-03-25 12:55:40.782');
INSERT INTO public.user_login VALUES ('1679748936-1a8b2493-016e-4084-82e8-cc2f12cafb27', '1678516362-f8cf036e-f848-4779-394f-51c7836491c0', '2023-04-28 14:54:12.456', '2023-03-25 12:55:36.127', '2023-03-28 14:54:12.468');
INSERT INTO public.user_login VALUES ('1679748900-c8838b60-27ea-4701-ba33-416605c5e7d6', '1678783341-93293c5b-7300-4051-2715-e9153a3bb689', '2023-04-28 15:10:31.828', '2023-03-25 12:55:00.516', '2023-03-28 15:10:31.833');


--
-- PostgreSQL database dump complete
--

